--
-- PostgreSQL database dump
--

-- Dumped from database version 14.13 (Ubuntu 14.13-0ubuntu0.22.04.1)
-- Dumped by pg_dump version 14.13 (Ubuntu 14.13-0ubuntu0.22.04.1)

SET statement_timeout = 0;
SET lock_timeout = 0;
SET idle_in_transaction_session_timeout = 0;
SET client_encoding = 'UTF8';
SET standard_conforming_strings = on;
SELECT pg_catalog.set_config('search_path', '', false);
SET check_function_bodies = false;
SET xmloption = content;
SET client_min_messages = warning;
SET row_security = off;

SET default_tablespace = '';

SET default_table_access_method = heap;

--
-- Name: client; Type: TABLE; Schema: public; Owner: postgres
--

CREATE TABLE public.client (
    id integer NOT NULL,
    prenom character varying(50),
    nom character varying(50),
    telephone character varying(20),
    sexe character(1),
    type_client character(1)
);


ALTER TABLE public.client OWNER TO postgres;

--
-- Name: client_id_seq; Type: SEQUENCE; Schema: public; Owner: postgres
--

CREATE SEQUENCE public.client_id_seq
    AS integer
    START WITH 1
    INCREMENT BY 1
    NO MINVALUE
    NO MAXVALUE
    CACHE 1;


ALTER TABLE public.client_id_seq OWNER TO postgres;

--
-- Name: client_id_seq; Type: SEQUENCE OWNED BY; Schema: public; Owner: postgres
--

ALTER SEQUENCE public.client_id_seq OWNED BY public.client.id;


--
-- Name: commande; Type: TABLE; Schema: public; Owner: postgres
--

CREATE TABLE public.commande (
    id integer NOT NULL,
    client_id integer,
    vendeur_id integer,
    date_commande date
);


ALTER TABLE public.commande OWNER TO postgres;

--
-- Name: commande_id_seq; Type: SEQUENCE; Schema: public; Owner: postgres
--

CREATE SEQUENCE public.commande_id_seq
    AS integer
    START WITH 1
    INCREMENT BY 1
    NO MINVALUE
    NO MAXVALUE
    CACHE 1;


ALTER TABLE public.commande_id_seq OWNER TO postgres;

--
-- Name: commande_id_seq; Type: SEQUENCE OWNED BY; Schema: public; Owner: postgres
--

ALTER SEQUENCE public.commande_id_seq OWNED BY public.commande.id;


--
-- Name: commande_produit; Type: TABLE; Schema: public; Owner: postgres
--

CREATE TABLE public.commande_produit (
    commande_id integer NOT NULL,
    produit_id integer NOT NULL,
    quantite integer
);


ALTER TABLE public.commande_produit OWNER TO postgres;

--
-- Name: produit; Type: TABLE; Schema: public; Owner: postgres
--

CREATE TABLE public.produit (
    id integer NOT NULL,
    designation character varying(100),
    prix_unitaire numeric(10,2)
);


ALTER TABLE public.produit OWNER TO postgres;

--
-- Name: produit_id_seq; Type: SEQUENCE; Schema: public; Owner: postgres
--

CREATE SEQUENCE public.produit_id_seq
    AS integer
    START WITH 1
    INCREMENT BY 1
    NO MINVALUE
    NO MAXVALUE
    CACHE 1;


ALTER TABLE public.produit_id_seq OWNER TO postgres;

--
-- Name: produit_id_seq; Type: SEQUENCE OWNED BY; Schema: public; Owner: postgres
--

ALTER SEQUENCE public.produit_id_seq OWNED BY public.produit.id;


--
-- Name: vendeur; Type: TABLE; Schema: public; Owner: postgres
--

CREATE TABLE public.vendeur (
    id integer NOT NULL,
    prenom character varying(50),
    nom character varying(50),
    telephone character varying(20),
    sexe character(1)
);


ALTER TABLE public.vendeur OWNER TO postgres;

--
-- Name: vendeur_id_seq; Type: SEQUENCE; Schema: public; Owner: postgres
--

CREATE SEQUENCE public.vendeur_id_seq
    AS integer
    START WITH 1
    INCREMENT BY 1
    NO MINVALUE
    NO MAXVALUE
    CACHE 1;


ALTER TABLE public.vendeur_id_seq OWNER TO postgres;

--
-- Name: vendeur_id_seq; Type: SEQUENCE OWNED BY; Schema: public; Owner: postgres
--

ALTER SEQUENCE public.vendeur_id_seq OWNED BY public.vendeur.id;


--
-- Name: client id; Type: DEFAULT; Schema: public; Owner: postgres
--

ALTER TABLE ONLY public.client ALTER COLUMN id SET DEFAULT nextval('public.client_id_seq'::regclass);


--
-- Name: commande id; Type: DEFAULT; Schema: public; Owner: postgres
--

ALTER TABLE ONLY public.commande ALTER COLUMN id SET DEFAULT nextval('public.commande_id_seq'::regclass);


--
-- Name: produit id; Type: DEFAULT; Schema: public; Owner: postgres
--

ALTER TABLE ONLY public.produit ALTER COLUMN id SET DEFAULT nextval('public.produit_id_seq'::regclass);


--
-- Name: vendeur id; Type: DEFAULT; Schema: public; Owner: postgres
--

ALTER TABLE ONLY public.vendeur ALTER COLUMN id SET DEFAULT nextval('public.vendeur_id_seq'::regclass);


--
-- Data for Name: client; Type: TABLE DATA; Schema: public; Owner: postgres
--

COPY public.client (id, prenom, nom, telephone, sexe, type_client) FROM stdin;
1	Emily	Santos	593-917-1485	F	A
2	Michelle	Martin	963-821-8479x3173	F	B
3	David	Russell	001-624-265-9857x343	M	A
4	Brooke	Stevens	504-327-0074x319	F	B
5	Shannon	Thompson	2593795550	F	B
6	David	Gonzales	+1-558-446-3935x1415	M	A
7	Bryan	Jacobs	9107504351	M	B
8	Edward	Patel	832-333-9195	M	C
9	Douglas	Robinson	001-804-540-0259x702	M	C
10	Michael	Morales	001-651-606-1846	M	C
11	Amy	Torres	(735)785-0751x9204	F	A
12	Courtney	Williamson	(999)348-2400x3818	F	A
13	Lori	Sullivan	801-384-9156x68556	F	B
14	Patricia	Lozano	(610)993-8240x26929	F	B
15	Joseph	Jenkins	6537107998	M	B
16	Shirley	Wood	724-970-2989x4112	F	A
17	Amy	Patel	232-755-1873	F	B
18	Don	Clark	383-459-1356	M	A
19	Michelle	Sanders	(353)565-5799x0703	F	B
20	Monique	Coleman	(748)893-1484	F	C
21	Jeffrey	Green	6259214216	M	A
22	Michelle	Pratt	408.865.1530x8591	F	B
23	David	Martinez	+1-733-412-1978x1253	M	A
24	James	Sanders	953.466.0143x6430	M	C
25	Karen	Stephens	001-576-232-4652x684	F	B
26	Zoe	Bates	436.374.4657	F	A
27	Jonathan	Jensen	(219)737-9248x1923	M	A
28	Joseph	Le	956-880-0392x610	M	A
29	Michelle	Chavez	(369)632-6218x220	F	C
30	James	Ward	241-209-0361x031	M	A
31	Peter	Hall	629-739-8526x988	M	C
32	Christopher	Griffith	356.804.0765x1033	M	C
33	Regina	Johnson	578.229.9684x3291	F	B
34	Gary	Duarte	523.637.4775x53283	M	B
35	Bethany	Wood	(638)744-6493x3065	F	B
36	Crystal	James	(738)261-0856x142	F	C
37	Ethan	Simpson	+1-434-536-2982x9783	M	A
38	Christopher	Hawkins	+1-870-910-1772x4916	M	C
39	Diane	Burch	845.243.8819x16452	F	C
40	Kristi	Miller	(700)991-9884x5876	F	A
41	Pamela	Ramirez	+1-322-404-3888x4759	F	C
42	Brian	Carpenter	(587)728-5897x277	M	A
43	Antonio	Jackson	(490)270-1203x4150	M	B
44	Johnny	Davis	(610)855-2182x63594	M	C
45	Lisa	Brown	001-332-566-1901	F	C
46	Michele	Fernandez	902.674.5800	F	A
47	Chelsea	Davis	262.962.0111x9524	F	C
48	Sarah	Bautista	+1-363-536-2491	F	A
49	Michael	Lopez	001-647-245-6090x881	M	B
50	Lauren	Murphy	3108287766	F	A
51	Scott	White	+1-911-518-8820	M	C
52	James	King	+1-968-223-7249x7310	M	A
53	Chad	Hubbard	422.998.0215x69042	M	C
54	Karen	Moore	3922977678	F	B
55	Kimberly	Manning	(455)839-8895x67162	F	B
56	Michael	Baker	527-430-8365x2781	M	A
57	Susan	Miranda	953.876.2405x67813	F	B
58	Don	Horton	001-890-356-8733x055	M	A
59	Linda	Drake	400-606-2517	F	C
60	Philip	Haynes	(930)696-2621	M	B
61	Jacob	Fowler	001-800-802-3897x861	M	A
62	Leslie	Vance	(811)524-5299x76835	F	C
63	Lauren	Phillips	208.340.0486x663	F	C
64	Jennifer	Chavez	(368)479-2540x300	F	C
65	Jessica	Drake	999-266-6552x023	F	A
66	Anthony	Valentine	964-228-0969x88047	M	C
67	Scott	Pierce	001-206-248-4828x314	M	C
68	Lindsey	Booth	864.330.6682	F	C
69	Robert	Melendez	+1-412-491-5264x082	M	C
70	Jason	White	(289)720-1093	M	C
71	John	Reilly	389-308-6288	M	B
72	Steven	Clark	001-260-440-8508	M	B
73	Wanda	Watson	288-484-2963x334	F	A
74	Luis	Blake	(838)663-8114x09440	M	C
75	Lindsey	Cochran	532.676.6352x444	F	C
76	Ivan	Robinson	7477290470	M	B
77	Rhonda	Howe	001-848-328-6293x994	F	B
78	Todd	Smith	279.911.2951x9382	M	A
79	Toni	Perez	(357)365-2895	F	B
80	Melissa	Glenn	4077725381	F	C
81	Susan	Morris	836.659.0829	F	A
82	Jenna	Dalton	+1-438-307-5811x7907	F	B
83	Elizabeth	Robbins	(371)523-1542	F	C
84	Jasmine	Casey	(245)824-6948	F	A
85	Erin	Miller	(659)438-0721	F	C
86	Richard	Sharp	2423039220	M	C
87	Tracy	Lowe	434.708.0281	F	C
88	Cassandra	Williams	3644572027	F	C
89	Kenneth	Webb	+1-279-538-6407	M	A
90	Matthew	Gray	(794)920-3810x40655	M	C
91	Wesley	Ryan	447.929.9358x752	M	B
92	Jared	Jones	001-695-951-0962	M	A
93	Chad	Howard	(431)947-2277x3221	M	A
94	John	Brown	919.289.9655	M	A
95	Angela	Jimenez	(791)767-9885x198	F	C
96	Andrew	Smith	354-619-1904	M	B
97	Anita	Anderson	(275)853-9063	F	B
98	Rachel	Strong	001-760-733-2111	F	A
99	Joseph	Bennett	001-723-676-4321x193	M	C
100	Kelli	Perry	842.707.4576x105	F	C
\.


--
-- Data for Name: commande; Type: TABLE DATA; Schema: public; Owner: postgres
--

COPY public.commande (id, client_id, vendeur_id, date_commande) FROM stdin;
1	53	1	2023-06-26
2	95	1	2024-05-11
3	30	4	2022-11-13
4	23	4	2024-07-23
5	28	3	2023-09-11
6	14	1	2024-08-15
7	54	4	2024-01-08
8	52	4	2022-12-01
9	19	1	2024-02-12
10	7	1	2023-04-14
11	42	1	2022-11-11
12	31	1	2024-07-24
13	46	4	2023-09-08
14	82	5	2023-02-27
15	11	3	2024-06-23
16	99	1	2024-02-08
17	43	1	2023-06-14
18	58	4	2024-08-08
19	27	1	2024-04-30
20	42	4	2023-10-02
21	72	3	2023-05-17
22	82	5	2024-03-06
23	30	4	2024-08-02
24	29	5	2023-09-08
25	86	3	2024-03-26
26	81	4	2024-05-06
27	88	1	2024-07-30
28	62	5	2022-11-03
29	19	3	2023-09-11
30	7	1	2024-01-26
31	49	2	2024-01-15
32	11	2	2024-08-01
33	55	1	2023-07-28
34	86	2	2023-03-19
35	100	2	2023-01-01
36	99	1	2023-11-24
37	73	5	2024-07-02
38	19	5	2024-09-16
39	93	1	2024-03-13
40	74	5	2023-07-11
41	59	2	2023-04-07
42	64	2	2023-06-08
43	55	4	2023-06-10
44	84	5	2023-11-16
45	79	4	2023-04-23
46	95	4	2022-12-23
47	40	5	2024-05-28
48	93	5	2022-12-09
49	96	5	2023-01-21
50	95	4	2023-03-17
51	27	3	2023-12-16
52	37	5	2024-08-10
53	80	2	2024-02-19
54	8	1	2023-03-24
55	66	2	2023-04-04
56	62	4	2022-10-06
57	49	2	2024-08-15
58	62	1	2023-10-26
59	36	5	2023-05-20
60	65	2	2023-04-27
61	11	5	2023-07-26
62	43	5	2024-07-02
63	56	4	2024-04-05
64	92	2	2024-07-30
65	95	4	2023-05-12
66	89	1	2024-04-10
67	26	1	2023-03-17
68	99	5	2024-01-24
69	39	3	2024-08-16
70	42	3	2024-05-13
71	34	2	2022-12-28
72	27	4	2022-10-25
73	71	5	2024-01-24
74	62	5	2023-03-11
75	5	2	2022-11-10
76	37	1	2024-01-12
77	15	2	2023-04-12
78	83	1	2022-12-19
79	57	3	2023-06-09
80	59	4	2023-10-28
81	9	3	2024-01-05
82	34	2	2022-12-05
83	33	3	2024-01-03
84	33	3	2023-09-01
85	56	1	2024-06-17
86	73	3	2023-07-23
87	33	4	2024-05-11
88	81	4	2024-04-01
89	96	5	2023-01-14
90	11	3	2022-10-20
91	49	5	2024-08-23
92	15	3	2024-02-28
93	30	2	2023-09-08
94	58	1	2023-02-25
95	20	4	2023-09-25
96	20	1	2024-07-23
97	77	5	2023-12-25
98	27	2	2022-10-04
99	96	3	2024-07-16
100	78	5	2023-05-01
101	75	2	2022-11-18
102	70	2	2023-11-22
103	93	2	2023-11-23
104	16	5	2024-03-30
105	66	5	2023-07-19
106	33	3	2022-12-09
107	5	3	2023-08-14
108	85	2	2023-08-07
109	96	4	2023-10-23
110	53	2	2022-12-17
111	34	3	2024-03-09
112	66	4	2022-12-04
113	13	2	2024-04-11
114	60	4	2023-05-07
115	70	2	2023-04-22
116	66	3	2023-12-23
117	32	1	2022-12-28
118	77	3	2023-04-05
119	39	1	2022-10-07
120	66	1	2024-08-30
121	82	1	2024-05-29
122	83	3	2024-03-01
123	33	4	2024-08-08
124	25	2	2024-05-26
125	86	4	2023-04-18
126	46	3	2023-05-08
127	7	2	2024-07-02
128	32	5	2024-07-20
129	98	1	2024-03-14
130	44	5	2024-01-09
131	40	2	2023-10-05
132	87	5	2022-12-03
133	29	2	2024-06-28
134	27	3	2023-10-19
135	92	4	2023-06-26
136	66	2	2023-09-25
137	81	5	2024-01-06
138	60	1	2024-08-14
139	85	4	2023-07-26
140	9	2	2024-06-18
141	83	4	2023-05-02
142	14	3	2024-09-16
143	68	1	2023-10-23
144	61	1	2023-08-10
145	52	4	2024-04-15
146	9	4	2023-04-07
147	99	2	2023-05-03
148	34	2	2023-02-11
149	97	5	2023-10-16
150	53	3	2024-01-09
151	96	3	2024-08-13
152	26	3	2023-06-07
153	45	1	2022-10-04
154	12	5	2024-02-02
155	55	5	2022-12-11
156	62	1	2023-04-01
157	62	2	2023-02-09
158	93	5	2023-06-12
159	14	4	2024-04-17
160	41	5	2023-01-06
161	44	2	2023-01-30
162	25	2	2023-01-25
163	25	4	2023-08-21
164	89	1	2024-02-06
165	23	1	2023-11-30
166	26	3	2024-03-21
167	77	1	2023-07-19
168	96	2	2024-07-18
169	97	1	2023-01-18
170	56	2	2022-10-11
171	53	3	2023-07-15
172	17	5	2024-04-09
173	2	5	2024-01-04
174	72	5	2022-11-13
175	45	1	2024-04-19
176	67	5	2023-06-24
177	93	1	2023-07-10
178	32	3	2023-04-07
179	23	3	2024-01-02
180	14	5	2023-06-29
181	37	4	2023-04-22
182	80	4	2024-09-21
183	9	5	2023-12-15
184	88	5	2022-09-25
185	18	5	2024-01-20
186	30	2	2024-07-04
187	45	5	2023-10-06
188	62	1	2023-03-28
189	100	1	2023-07-03
190	21	2	2023-06-30
191	63	1	2024-06-12
192	71	5	2023-07-25
193	67	5	2023-11-24
194	15	1	2024-06-25
195	80	1	2023-02-19
196	6	4	2023-08-08
197	76	2	2024-04-08
198	3	1	2023-08-25
199	84	4	2022-12-18
200	90	2	2024-07-14
201	12	4	2023-08-21
202	40	5	2024-04-22
203	48	5	2024-05-26
204	83	2	2024-01-22
205	4	5	2024-01-21
206	28	3	2024-05-09
207	15	5	2023-01-04
208	2	3	2023-12-20
209	88	5	2024-05-24
210	51	2	2024-07-24
211	96	3	2024-07-04
212	1	3	2023-11-20
213	34	5	2022-10-07
214	42	5	2023-08-21
215	72	3	2022-12-06
216	30	2	2023-10-25
217	24	1	2023-06-24
218	42	2	2024-06-23
219	99	2	2023-10-18
220	87	5	2023-11-20
221	83	3	2024-08-07
222	49	5	2023-08-05
223	85	2	2023-08-26
224	48	5	2023-03-21
225	80	3	2023-03-30
226	89	2	2023-05-01
227	88	3	2022-10-24
228	13	4	2023-03-16
229	19	1	2023-06-10
230	67	4	2022-11-12
231	41	2	2024-09-19
232	87	1	2023-04-27
233	13	5	2024-03-28
234	80	3	2024-03-26
235	38	2	2024-02-01
236	66	2	2023-04-11
237	13	2	2023-04-06
238	91	5	2023-07-26
239	85	1	2023-03-20
240	85	1	2023-12-07
241	14	5	2022-11-26
242	33	3	2024-05-28
243	19	5	2023-09-05
244	45	5	2023-10-14
245	70	5	2023-03-12
246	68	4	2023-02-07
247	12	4	2023-07-12
248	22	3	2024-04-28
249	11	4	2023-04-26
250	81	5	2023-07-29
251	46	1	2023-06-22
252	8	1	2022-12-08
253	53	3	2023-11-13
254	7	2	2023-12-21
255	84	1	2023-05-28
256	49	1	2022-12-12
257	10	4	2023-05-07
258	78	1	2024-02-01
259	12	5	2022-09-26
260	58	2	2023-10-22
261	44	5	2023-02-06
262	84	5	2023-09-04
263	64	2	2022-10-22
264	15	4	2023-07-27
265	20	5	2024-04-24
266	26	4	2024-09-02
267	87	5	2024-04-04
268	35	5	2023-11-22
269	16	3	2024-05-04
270	76	5	2023-09-08
271	11	2	2024-03-07
272	58	3	2023-10-13
273	62	3	2023-01-26
274	92	5	2023-02-21
275	14	3	2023-05-06
276	81	4	2023-07-21
277	24	1	2024-02-12
278	18	2	2022-10-31
279	55	1	2024-09-07
280	36	2	2024-01-03
281	35	1	2023-03-09
282	3	4	2023-01-16
283	97	2	2024-03-14
284	67	1	2024-01-13
285	99	2	2024-01-25
286	28	2	2024-04-24
287	25	3	2022-10-21
288	14	3	2024-05-07
289	24	1	2023-12-17
290	67	1	2024-07-09
291	28	3	2023-09-07
292	56	5	2024-06-13
293	62	4	2022-11-24
294	37	3	2023-02-06
295	36	5	2023-10-10
296	81	4	2023-09-21
297	87	2	2023-12-15
298	89	5	2023-12-06
299	7	4	2023-01-21
300	55	3	2023-04-05
301	68	3	2024-01-31
302	52	4	2022-12-17
303	49	4	2024-06-26
304	93	4	2023-07-19
305	4	1	2024-04-30
306	80	5	2024-09-18
307	84	2	2024-02-20
308	66	2	2024-07-05
309	22	2	2023-01-04
310	69	2	2022-11-24
311	52	4	2023-04-25
312	74	4	2023-03-29
313	12	4	2023-10-15
314	84	5	2023-09-09
315	52	2	2022-10-16
316	68	5	2023-12-21
317	95	1	2023-02-15
318	23	3	2023-02-14
319	10	4	2024-01-14
320	41	3	2022-11-20
321	65	2	2022-12-14
322	84	2	2022-11-02
323	79	5	2022-12-12
324	28	5	2023-02-18
325	66	4	2024-04-03
326	2	2	2023-03-30
327	97	1	2024-01-31
328	57	4	2023-08-31
329	9	1	2023-07-16
330	37	5	2024-09-20
331	100	5	2024-02-02
332	77	4	2022-09-23
333	46	4	2023-11-01
334	1	3	2022-11-22
335	64	1	2023-10-25
336	22	3	2024-08-30
337	22	3	2023-04-02
338	63	4	2024-05-15
339	66	5	2024-07-24
340	75	2	2023-02-12
341	45	3	2023-09-10
342	35	1	2023-01-06
343	23	3	2024-05-03
344	51	5	2024-02-29
345	82	1	2024-04-22
346	20	4	2023-11-09
347	48	1	2023-07-11
348	27	5	2022-10-06
349	38	4	2022-11-11
350	26	1	2024-05-18
351	9	5	2023-10-07
352	66	2	2022-11-10
353	93	5	2023-05-22
354	4	4	2024-06-15
355	48	3	2024-05-28
356	89	2	2024-04-10
357	87	1	2022-09-26
358	40	4	2023-10-07
359	75	1	2023-10-19
360	38	3	2023-12-10
361	45	3	2023-02-07
362	96	3	2023-05-25
363	16	5	2024-03-09
364	21	3	2023-03-31
365	65	5	2024-06-18
366	1	3	2024-07-21
367	8	4	2023-07-16
368	25	3	2023-04-11
369	90	2	2023-01-27
370	88	2	2022-11-08
371	6	2	2023-04-30
372	64	1	2023-03-29
373	35	1	2024-02-02
374	12	2	2023-11-09
375	63	4	2024-08-07
376	86	5	2023-04-02
377	78	3	2022-12-11
378	39	4	2023-05-21
379	38	3	2023-11-13
380	81	5	2023-05-18
381	56	2	2023-08-04
382	66	3	2022-12-30
383	1	4	2024-06-03
384	31	3	2024-01-26
385	13	1	2022-10-25
386	85	4	2023-10-16
387	24	5	2024-01-24
388	19	4	2023-06-29
389	43	4	2024-02-01
390	63	5	2023-05-30
391	4	2	2024-06-20
392	63	5	2024-04-20
393	24	4	2023-09-14
394	75	1	2023-08-09
395	94	3	2024-09-12
396	64	5	2024-04-28
397	3	3	2022-10-14
398	29	3	2024-03-10
399	9	4	2023-03-03
400	15	3	2023-05-24
401	58	3	2023-07-09
402	51	1	2023-11-23
403	89	1	2023-10-21
404	92	1	2022-12-28
405	99	4	2023-02-04
406	7	4	2022-11-25
407	60	4	2023-08-19
408	17	3	2023-11-11
409	15	4	2023-09-02
410	38	4	2024-06-30
411	49	3	2024-07-12
412	7	5	2023-06-12
413	49	5	2024-02-09
414	14	2	2024-05-11
415	36	4	2023-08-26
416	8	1	2023-10-13
417	85	2	2023-02-19
418	97	5	2024-01-20
419	6	2	2022-11-05
420	61	1	2024-01-12
421	26	4	2024-05-17
422	69	2	2024-01-24
423	43	4	2023-02-19
424	26	5	2022-10-03
425	40	4	2024-04-25
426	84	3	2023-12-30
427	68	5	2024-01-22
428	10	4	2023-07-07
429	81	1	2023-02-01
430	96	1	2024-09-11
431	71	2	2022-11-09
432	95	4	2024-03-27
433	31	4	2023-07-20
434	48	2	2023-07-15
435	40	4	2023-08-26
436	84	4	2023-12-17
437	53	5	2024-08-26
438	54	5	2023-10-03
439	68	1	2023-05-29
440	87	1	2023-06-08
441	83	5	2023-04-22
442	55	2	2023-07-30
443	71	4	2024-07-31
444	61	5	2024-05-21
445	91	5	2024-08-25
446	84	4	2024-09-03
447	74	3	2024-01-17
448	31	2	2024-03-05
449	60	5	2023-09-13
450	53	4	2022-10-21
451	60	2	2023-01-04
452	40	4	2023-12-23
453	84	5	2024-05-10
454	78	4	2023-03-17
455	15	3	2023-02-21
456	30	5	2023-04-15
457	67	1	2023-10-03
458	99	2	2023-04-14
459	54	3	2022-11-27
460	21	4	2023-09-16
461	88	2	2023-07-04
462	69	2	2024-01-09
463	31	2	2023-07-20
464	49	4	2023-12-28
465	31	5	2024-09-13
466	91	4	2024-03-21
467	63	1	2023-07-21
468	54	3	2022-12-11
469	75	4	2022-12-14
470	78	2	2022-12-31
471	64	4	2023-05-18
472	4	1	2023-07-01
473	64	4	2024-08-26
474	76	3	2024-01-22
475	75	4	2023-08-17
476	26	3	2022-10-29
477	13	5	2024-05-29
478	25	3	2024-05-18
479	71	5	2023-03-23
480	73	3	2024-05-29
481	17	3	2024-09-16
482	99	5	2023-04-24
483	28	4	2023-10-06
484	39	4	2024-03-19
485	13	4	2023-12-25
486	8	5	2023-11-14
487	60	5	2023-08-23
488	6	3	2023-11-03
489	10	4	2024-03-13
490	4	5	2023-03-23
491	39	5	2024-01-26
492	65	3	2023-11-22
493	50	2	2023-03-07
494	36	1	2024-06-04
495	84	2	2023-06-13
496	95	5	2022-11-25
497	74	4	2024-01-24
498	32	2	2023-06-24
499	14	1	2023-10-30
500	93	1	2024-08-25
501	19	5	2023-12-29
502	100	1	2023-11-12
503	46	2	2023-11-18
504	99	1	2022-12-30
505	57	4	2022-11-18
506	77	3	2023-08-20
507	85	1	2023-03-09
508	16	1	2023-07-20
509	56	2	2023-06-18
510	71	1	2023-03-12
511	4	4	2023-03-06
512	62	2	2023-05-22
513	99	5	2023-10-20
514	40	3	2024-03-16
515	40	1	2023-06-29
516	47	3	2023-09-29
517	89	5	2023-03-14
518	90	4	2024-09-21
519	53	4	2023-10-30
520	97	3	2023-12-14
521	98	3	2023-05-18
522	8	5	2023-12-06
523	47	5	2024-06-03
524	75	1	2024-09-19
525	43	5	2024-08-07
526	46	3	2024-01-21
527	16	4	2024-02-01
528	62	2	2024-02-07
529	3	2	2023-06-26
530	55	1	2024-02-10
531	84	4	2023-04-11
532	19	2	2023-02-27
533	33	3	2023-12-30
534	46	5	2023-01-03
535	10	3	2024-07-11
536	100	2	2023-05-18
537	10	4	2023-10-28
538	86	3	2024-09-14
539	31	5	2024-03-10
540	74	3	2024-04-25
541	65	1	2023-08-19
542	82	3	2022-10-29
543	53	5	2023-10-06
544	96	5	2023-01-29
545	21	4	2023-12-31
546	30	4	2022-11-25
547	22	2	2023-03-24
548	94	1	2022-11-09
549	53	5	2024-06-20
550	90	2	2023-02-02
551	23	4	2023-12-24
552	92	2	2024-09-18
553	9	2	2024-05-22
554	35	4	2024-04-18
555	74	5	2023-03-20
556	67	4	2023-02-22
557	88	3	2024-03-30
558	50	2	2024-02-03
559	59	5	2022-09-30
560	84	5	2023-01-28
561	39	5	2023-12-16
562	30	1	2023-04-19
563	86	2	2024-05-26
564	57	4	2023-12-01
565	20	2	2022-11-17
566	11	4	2024-03-15
567	48	4	2024-07-17
568	99	3	2023-11-11
569	59	5	2024-01-16
570	4	3	2024-01-27
571	52	2	2023-05-12
572	38	3	2023-06-29
573	32	2	2022-10-08
574	37	2	2024-01-28
575	34	3	2022-10-29
576	97	5	2023-03-11
577	13	2	2023-01-17
578	50	1	2024-01-06
579	9	3	2023-01-22
580	67	4	2022-10-26
581	78	5	2023-07-12
582	36	5	2023-05-01
583	36	4	2024-05-31
584	34	5	2024-07-04
585	31	1	2022-10-20
586	16	5	2022-11-05
587	99	4	2023-08-07
588	27	2	2023-06-11
589	55	1	2024-08-17
590	63	5	2023-06-15
591	60	4	2023-11-28
592	60	4	2024-04-05
593	91	2	2023-11-02
594	39	5	2023-10-14
595	15	1	2023-02-28
596	49	2	2023-09-08
597	67	4	2022-11-19
598	14	2	2023-04-04
599	58	5	2023-05-31
600	40	4	2023-11-05
601	12	5	2024-01-27
602	16	5	2023-01-11
603	93	5	2024-09-02
604	6	5	2023-04-12
605	87	4	2023-04-02
606	52	3	2023-11-26
607	78	5	2023-03-22
608	2	4	2024-05-27
609	84	4	2022-10-16
610	15	2	2023-06-04
611	4	4	2024-03-04
612	40	5	2022-12-27
613	31	1	2023-02-06
614	29	1	2023-10-01
615	64	3	2023-07-09
616	15	4	2023-10-17
617	52	1	2024-04-13
618	56	5	2024-06-25
619	5	4	2023-04-09
620	10	4	2024-04-10
621	29	4	2023-02-20
622	21	3	2023-01-22
623	6	4	2023-01-29
624	87	4	2023-02-26
625	59	1	2023-04-21
626	48	1	2024-02-17
627	43	1	2024-04-16
628	60	4	2023-05-28
629	35	1	2022-12-06
630	10	4	2023-03-18
631	27	4	2024-09-14
632	22	3	2023-05-21
633	47	1	2024-03-21
634	34	4	2022-12-27
635	25	4	2023-01-08
636	61	1	2022-10-11
637	46	1	2023-03-05
638	16	1	2023-09-19
639	16	2	2022-10-09
640	8	1	2024-08-26
641	40	4	2023-07-28
642	23	4	2024-01-30
643	46	4	2024-08-03
644	53	1	2023-04-16
645	63	5	2024-09-12
646	51	3	2023-06-07
647	78	4	2023-10-28
648	34	3	2024-03-24
649	56	5	2023-04-27
650	55	2	2023-05-03
651	15	3	2023-06-08
652	13	5	2023-02-18
653	58	1	2023-01-29
654	60	5	2022-10-19
655	70	2	2023-02-14
656	8	1	2023-06-07
657	82	2	2024-07-31
658	21	1	2024-07-27
659	57	3	2023-11-19
660	88	2	2023-03-30
661	42	5	2023-12-29
662	32	5	2023-09-15
663	3	3	2022-10-11
664	38	5	2024-01-28
665	87	4	2023-02-04
666	100	3	2024-08-19
667	25	2	2024-09-09
668	48	4	2024-08-21
669	4	4	2023-05-31
670	100	1	2023-08-29
671	80	5	2023-10-28
672	53	3	2022-12-28
673	61	2	2024-01-02
674	7	4	2023-06-29
675	77	4	2023-11-13
676	33	5	2023-06-22
677	79	5	2024-06-18
678	2	2	2024-05-21
679	8	5	2023-11-01
680	94	5	2023-06-24
681	4	1	2023-05-06
682	18	2	2023-08-07
683	63	3	2023-04-06
684	69	4	2023-06-23
685	34	4	2024-05-15
686	40	3	2023-04-29
687	62	2	2023-09-30
688	39	3	2024-02-28
689	80	1	2023-08-29
690	87	1	2023-08-11
691	69	3	2024-04-30
692	10	3	2022-12-21
693	53	1	2024-02-24
694	21	2	2024-04-21
695	26	3	2023-06-13
696	82	5	2024-03-23
697	53	5	2023-10-31
698	72	3	2024-09-09
699	98	1	2023-05-02
700	61	3	2023-01-29
701	70	2	2023-12-14
702	52	5	2023-06-17
703	49	3	2024-03-06
704	19	5	2023-02-28
705	95	5	2023-06-02
706	23	5	2024-02-25
707	43	1	2023-02-22
708	97	3	2023-11-27
709	92	5	2024-09-06
710	55	4	2023-07-20
711	52	1	2023-03-23
712	83	1	2023-04-22
713	30	1	2024-01-10
714	34	5	2022-12-26
715	88	1	2024-05-21
716	69	1	2023-10-20
717	31	1	2024-09-07
718	95	3	2024-08-12
719	37	3	2024-08-17
720	50	2	2023-12-12
721	23	2	2024-04-11
722	92	1	2024-02-27
723	62	1	2023-01-18
724	40	3	2024-07-09
725	72	5	2024-02-12
726	66	1	2023-08-01
727	4	3	2023-09-29
728	72	1	2023-02-04
729	38	1	2023-11-12
730	80	3	2023-06-16
731	81	3	2023-08-24
732	25	5	2024-08-04
733	20	1	2023-11-02
734	90	2	2024-08-07
735	61	3	2024-08-18
736	80	5	2022-12-22
737	84	3	2023-01-19
738	16	2	2023-10-04
739	62	2	2022-11-28
740	100	4	2024-05-28
741	33	2	2024-03-26
742	8	5	2022-12-14
743	47	5	2024-08-19
744	33	5	2023-04-12
745	37	2	2023-08-20
746	71	2	2023-10-28
747	32	3	2023-09-02
748	26	5	2023-02-04
749	68	2	2023-07-25
750	57	2	2024-09-16
751	66	5	2023-05-12
752	81	2	2023-08-14
753	38	3	2024-05-22
754	3	1	2023-05-01
755	92	5	2024-07-06
756	89	3	2024-06-29
757	60	3	2023-03-25
758	31	2	2023-05-12
759	10	2	2023-04-05
760	93	2	2024-05-21
761	24	5	2024-06-09
762	13	5	2024-03-11
763	50	2	2024-05-20
764	84	1	2022-09-29
765	24	1	2023-12-31
766	85	2	2023-06-21
767	96	1	2023-12-27
768	4	3	2024-08-11
769	74	2	2023-02-09
770	31	4	2023-02-13
771	15	5	2023-05-14
772	1	4	2023-06-21
773	70	5	2023-07-19
774	17	1	2022-12-16
775	35	2	2023-08-01
776	69	4	2023-09-22
777	88	1	2024-07-12
778	52	2	2024-07-26
779	86	2	2024-07-18
780	54	1	2024-03-08
781	97	5	2023-10-31
782	15	5	2023-01-11
783	81	4	2024-08-06
784	73	2	2024-06-23
785	81	5	2024-03-08
786	59	5	2023-10-22
787	25	2	2023-08-28
788	24	2	2023-10-10
789	57	4	2023-12-17
790	43	3	2023-05-13
791	12	3	2024-06-26
792	62	1	2024-01-28
793	50	5	2023-06-18
794	88	4	2023-06-28
795	2	2	2023-03-29
796	45	1	2024-09-19
797	99	1	2023-11-22
798	25	3	2024-05-09
799	16	2	2024-01-06
800	1	1	2023-03-18
801	15	2	2023-11-24
802	65	5	2022-09-29
803	54	5	2024-05-30
804	8	4	2024-07-19
805	18	4	2022-11-01
806	8	5	2023-03-20
807	67	3	2024-07-10
808	23	1	2023-06-23
809	14	1	2024-08-18
810	81	1	2023-04-07
811	81	2	2023-07-31
812	80	5	2022-09-28
813	47	1	2023-07-31
814	84	5	2024-05-28
815	48	2	2023-05-04
816	99	5	2022-11-19
817	30	3	2023-07-18
818	84	4	2024-08-14
819	100	1	2024-05-21
820	48	1	2024-04-30
821	4	2	2023-01-12
822	46	2	2023-12-09
823	34	4	2024-01-13
824	19	1	2023-02-04
825	69	3	2023-09-26
826	76	3	2024-03-11
827	52	1	2023-06-13
828	84	1	2024-02-22
829	47	1	2023-01-25
830	17	2	2023-01-26
831	100	3	2024-08-05
832	18	1	2022-10-12
833	46	3	2023-02-11
834	30	1	2023-04-29
835	2	4	2022-12-12
836	49	1	2024-03-18
837	84	3	2024-05-02
838	35	5	2023-12-20
839	43	4	2024-03-17
840	51	1	2023-01-02
841	52	5	2024-01-18
842	56	2	2023-05-31
843	50	4	2023-07-18
844	37	2	2024-03-25
845	48	3	2023-07-19
846	24	5	2023-01-06
847	98	3	2023-05-28
848	77	2	2023-12-01
849	14	2	2024-01-07
850	9	1	2023-09-27
851	5	2	2022-12-06
852	36	4	2024-07-22
853	6	4	2023-12-26
854	15	5	2024-01-12
855	91	1	2023-09-07
856	87	2	2023-09-10
857	54	5	2024-07-08
858	89	1	2022-12-29
859	55	2	2022-10-19
860	15	3	2023-05-30
861	28	2	2023-02-17
862	71	3	2023-02-13
863	19	2	2023-09-11
864	32	1	2023-06-17
865	99	3	2023-03-19
866	23	5	2023-10-17
867	12	2	2024-05-12
868	50	2	2024-05-19
869	71	1	2024-02-27
870	74	1	2023-01-11
871	45	3	2024-07-25
872	50	4	2022-10-24
873	59	2	2024-04-12
874	86	3	2023-06-23
875	42	1	2023-12-22
876	85	1	2023-01-12
877	73	1	2023-04-07
878	45	5	2024-07-30
879	69	5	2024-01-19
880	61	5	2023-04-08
881	26	4	2022-10-05
882	78	5	2024-01-08
883	15	3	2024-01-08
884	12	2	2022-10-27
885	9	4	2024-02-01
886	20	3	2023-08-17
887	17	5	2023-07-25
888	65	2	2023-04-19
889	67	2	2023-08-22
890	24	5	2024-05-08
891	43	5	2023-07-05
892	97	2	2022-12-17
893	91	3	2024-08-26
894	25	1	2023-02-03
895	8	5	2023-09-17
896	18	5	2023-01-23
897	17	1	2023-07-29
898	42	4	2023-09-21
899	88	2	2023-02-05
900	71	5	2022-10-12
901	74	2	2023-03-05
902	4	4	2024-05-09
903	43	5	2023-06-08
904	47	5	2024-08-09
905	10	2	2024-01-31
906	96	1	2024-06-05
907	28	1	2022-12-20
908	46	2	2022-11-15
909	28	5	2024-04-16
910	75	4	2022-10-20
911	63	5	2023-01-16
912	97	1	2022-11-29
913	54	5	2024-06-09
914	91	4	2024-06-08
915	53	1	2023-06-03
916	48	3	2024-06-10
917	48	4	2023-09-12
918	52	3	2022-12-11
919	85	4	2023-07-14
920	3	1	2024-02-03
921	27	1	2024-07-15
922	59	5	2024-04-07
923	66	1	2023-12-25
924	73	1	2023-03-09
925	43	4	2023-09-25
926	78	3	2023-08-24
927	13	5	2024-08-22
928	4	4	2024-04-24
929	79	2	2023-09-09
930	40	3	2024-05-27
931	71	3	2022-12-15
932	71	2	2024-08-08
933	49	1	2023-07-14
934	65	1	2022-10-28
935	71	5	2024-01-19
936	18	1	2023-12-23
937	71	4	2023-01-03
938	60	1	2023-07-06
939	29	4	2023-06-16
940	84	4	2024-01-05
941	44	3	2023-06-11
942	15	5	2023-05-22
943	87	2	2023-04-13
944	60	4	2023-03-23
945	73	1	2024-04-11
946	92	4	2023-03-04
947	75	3	2023-03-08
948	84	4	2024-04-06
949	17	5	2023-04-20
950	12	2	2024-06-16
951	44	5	2023-11-03
952	47	5	2022-11-02
953	20	3	2023-06-19
954	73	5	2023-11-14
955	90	4	2024-03-15
956	3	3	2022-12-15
957	9	2	2022-11-21
958	5	1	2024-09-14
959	13	4	2022-12-17
960	24	1	2023-08-03
961	72	5	2024-06-24
962	6	2	2023-06-26
963	25	4	2022-10-28
964	57	5	2024-05-10
965	49	2	2022-09-26
966	60	1	2024-05-19
967	35	1	2024-01-30
968	68	2	2022-11-12
969	32	5	2024-08-10
970	85	3	2024-03-04
971	41	4	2023-09-14
972	61	3	2023-10-11
973	42	4	2022-10-28
974	95	1	2022-11-17
975	79	2	2023-11-11
976	90	3	2022-10-07
977	30	4	2024-08-07
978	8	1	2024-02-11
979	44	2	2023-12-05
980	35	3	2024-05-09
981	75	5	2024-02-01
982	53	3	2023-10-16
983	100	3	2024-09-20
984	5	5	2024-01-18
985	47	1	2023-04-24
986	71	2	2024-08-01
987	71	2	2024-05-09
988	27	2	2023-12-03
989	59	4	2024-04-26
990	67	5	2024-08-02
991	68	2	2024-01-19
992	84	5	2022-11-14
993	73	1	2024-08-06
994	8	3	2023-06-29
995	5	3	2024-05-08
996	88	1	2023-04-24
997	16	2	2024-08-12
998	59	4	2023-12-01
999	95	1	2023-01-05
1000	67	4	2024-08-20
1001	2	3	2023-01-07
1002	62	2	2023-10-29
1003	41	4	2023-07-12
1004	7	2	2024-04-04
1005	59	5	2024-05-26
1006	39	3	2023-06-04
1007	41	3	2022-12-04
1008	51	5	2022-09-30
1009	29	4	2022-12-06
1010	22	1	2024-07-16
1011	87	1	2023-01-23
1012	100	1	2024-01-24
1013	88	5	2024-02-02
1014	72	1	2024-05-23
1015	95	3	2024-04-18
1016	12	2	2023-03-16
1017	56	1	2023-03-25
1018	59	4	2023-06-26
1019	29	5	2023-04-23
1020	69	2	2024-07-21
1021	24	5	2022-12-27
1022	93	4	2023-05-09
1023	9	1	2024-08-27
1024	57	3	2023-08-18
1025	67	1	2023-10-27
1026	76	4	2023-01-20
1027	83	2	2023-09-27
1028	93	5	2022-12-13
1029	24	4	2023-01-11
1030	9	2	2023-05-29
1031	55	1	2023-05-10
1032	6	1	2024-05-17
1033	27	3	2022-11-01
1034	5	3	2024-06-30
1035	89	5	2024-08-07
1036	20	2	2024-01-07
1037	4	4	2023-12-31
1038	77	1	2023-06-30
1039	85	4	2024-03-10
1040	100	2	2024-03-20
1041	49	5	2024-01-15
1042	17	1	2024-01-27
1043	41	3	2023-07-06
1044	40	2	2023-04-06
1045	99	4	2023-02-06
1046	45	2	2022-09-30
1047	67	4	2024-04-04
1048	80	3	2023-10-15
1049	11	2	2024-02-17
1050	43	1	2022-11-12
1051	78	3	2023-11-01
1052	98	2	2023-11-16
1053	13	1	2024-05-07
1054	46	3	2022-10-14
1055	18	5	2023-03-24
1056	39	3	2022-11-21
1057	17	5	2023-02-26
1058	80	4	2023-11-11
1059	14	3	2023-07-15
1060	50	5	2022-11-23
1061	95	5	2024-04-27
1062	91	1	2024-05-09
1063	98	1	2023-06-30
1064	45	4	2024-03-15
1065	26	3	2024-02-10
1066	3	3	2023-06-14
1067	61	5	2024-02-12
1068	58	2	2024-03-20
1069	68	1	2024-09-03
1070	61	5	2023-02-14
1071	57	5	2023-02-26
1072	17	3	2022-11-13
1073	40	1	2023-03-15
1074	66	3	2023-05-07
1075	59	5	2024-09-09
1076	89	4	2023-11-28
1077	17	1	2023-05-02
1078	72	5	2023-04-25
1079	16	5	2023-07-04
1080	58	5	2024-08-20
1081	91	1	2024-03-24
1082	7	1	2023-12-07
1083	25	3	2023-08-14
1084	61	4	2023-09-17
1085	48	3	2024-02-22
1086	10	3	2023-02-20
1087	77	3	2023-07-04
1088	57	2	2024-01-22
1089	14	4	2023-05-27
1090	73	1	2022-10-16
1091	35	3	2023-12-31
1092	5	5	2023-06-18
1093	45	5	2024-07-20
1094	29	4	2023-01-17
1095	100	1	2023-03-08
1096	32	4	2023-05-14
1097	41	3	2023-01-27
1098	50	4	2024-06-16
1099	77	4	2024-04-06
1100	65	2	2024-01-10
1101	52	4	2023-11-17
1102	50	2	2023-11-06
1103	71	2	2023-02-07
1104	38	5	2023-08-05
1105	95	5	2022-11-20
1106	80	3	2024-01-08
1107	7	1	2024-08-01
1108	65	3	2024-06-03
1109	100	3	2022-12-04
1110	85	4	2024-02-10
1111	48	2	2023-05-06
1112	75	3	2023-07-17
1113	44	3	2023-01-18
1114	69	2	2023-11-16
1115	39	4	2024-05-16
1116	26	5	2023-11-19
1117	58	1	2024-02-12
1118	31	1	2024-04-11
1119	79	4	2024-08-27
1120	40	5	2023-08-03
1121	98	5	2023-05-11
1122	40	5	2023-11-22
1123	94	1	2024-01-21
1124	6	5	2024-07-16
1125	67	5	2023-06-04
1126	92	3	2024-02-22
1127	41	1	2024-06-02
1128	87	4	2024-02-29
1129	51	2	2023-04-13
1130	31	4	2024-02-16
1131	92	2	2022-12-24
1132	35	1	2022-12-02
1133	56	5	2024-07-07
1134	74	3	2023-08-06
1135	58	2	2023-10-01
1136	3	4	2023-02-25
1137	50	5	2023-09-20
1138	19	5	2023-09-30
1139	90	2	2024-01-23
1140	18	1	2023-07-04
1141	42	2	2024-04-24
1142	20	1	2023-05-11
1143	16	1	2024-03-19
1144	71	2	2023-09-28
1145	26	5	2023-12-25
1146	6	3	2023-02-18
1147	40	4	2023-03-31
1148	53	2	2024-07-08
1149	26	5	2023-07-09
1150	63	2	2023-07-19
1151	42	5	2023-05-19
1152	60	4	2023-02-21
1153	82	1	2023-02-10
1154	97	3	2023-12-29
1155	13	4	2024-08-05
1156	99	5	2023-02-25
1157	70	5	2024-03-18
1158	67	2	2024-09-01
1159	8	2	2022-11-26
1160	62	1	2023-11-21
1161	88	1	2023-07-16
1162	17	5	2023-11-04
1163	23	2	2024-02-27
1164	65	3	2022-12-31
1165	61	2	2022-10-04
1166	97	5	2023-03-19
1167	23	1	2024-07-02
1168	39	2	2023-09-28
1169	77	3	2024-07-15
1170	9	3	2023-07-18
1171	18	4	2024-02-24
1172	83	3	2024-07-15
1173	24	2	2022-12-17
1174	39	4	2024-04-16
1175	15	2	2023-08-24
1176	71	3	2023-08-31
1177	7	3	2023-04-09
1178	13	4	2023-07-19
1179	24	5	2023-01-14
1180	21	3	2024-07-19
1181	43	1	2023-08-06
1182	22	4	2023-01-29
1183	35	2	2022-12-11
1184	85	3	2023-09-24
1185	16	1	2024-07-28
1186	49	2	2022-09-23
1187	69	4	2023-05-16
1188	74	1	2023-09-27
1189	31	4	2022-12-01
1190	86	2	2023-02-21
1191	22	2	2024-07-20
1192	20	1	2023-02-03
1193	95	3	2024-04-04
1194	39	5	2023-11-24
1195	54	1	2024-08-23
1196	98	2	2023-07-07
1197	93	5	2024-07-13
1198	26	1	2023-05-17
1199	18	5	2023-08-04
1200	19	1	2024-03-10
1201	7	2	2023-01-31
1202	28	3	2024-04-28
1203	89	3	2024-04-13
1204	75	5	2023-07-31
1205	18	4	2023-10-07
1206	45	4	2024-02-25
1207	30	2	2024-05-02
1208	60	4	2024-05-12
1209	67	5	2024-02-21
1210	43	1	2023-11-20
1211	79	5	2024-08-01
1212	43	2	2023-04-09
1213	98	5	2022-11-26
1214	46	5	2023-06-05
1215	61	5	2024-08-31
1216	3	1	2024-05-06
1217	61	4	2023-08-15
1218	89	4	2022-10-06
1219	43	1	2024-05-20
1220	33	1	2023-10-13
1221	83	5	2024-04-10
1222	57	4	2023-04-01
1223	47	3	2022-12-18
1224	64	5	2022-11-26
1225	43	3	2022-12-20
1226	62	4	2024-08-10
1227	78	2	2023-11-15
1228	56	4	2023-03-23
1229	8	1	2024-07-23
1230	68	1	2023-10-05
1231	74	2	2024-06-10
1232	49	1	2024-09-04
1233	17	4	2023-12-29
1234	59	3	2022-11-26
1235	64	5	2022-12-30
1236	50	2	2022-10-22
1237	68	1	2023-01-05
1238	32	5	2023-06-14
1239	72	4	2024-02-15
1240	43	4	2024-06-09
1241	78	3	2022-12-06
1242	24	4	2024-05-17
1243	98	3	2023-09-09
1244	90	2	2023-05-16
1245	28	2	2023-05-15
1246	91	1	2023-12-30
1247	66	4	2023-04-23
1248	46	3	2022-10-28
1249	4	2	2022-11-18
1250	51	1	2024-04-16
1251	31	2	2023-12-25
1252	61	5	2023-04-02
1253	86	3	2023-11-21
1254	94	5	2023-05-02
1255	70	1	2023-01-04
1256	62	4	2024-02-29
1257	71	2	2024-09-15
1258	17	2	2024-04-22
1259	56	2	2024-09-13
1260	89	5	2022-10-18
1261	48	1	2024-08-06
1262	72	3	2024-07-06
1263	28	3	2022-10-05
1264	21	3	2023-02-07
1265	84	5	2023-11-30
1266	99	5	2022-12-12
1267	95	1	2022-12-21
1268	91	1	2024-04-21
1269	19	1	2023-09-03
1270	89	4	2023-01-16
1271	92	1	2023-05-27
1272	12	1	2023-10-31
1273	40	1	2024-03-21
1274	5	5	2024-06-27
1275	18	1	2023-08-19
1276	83	2	2023-06-24
1277	56	3	2024-05-13
1278	27	4	2023-01-25
1279	99	1	2024-06-24
1280	84	3	2024-05-04
1281	99	1	2023-06-12
1282	51	2	2024-06-08
1283	96	3	2023-08-08
1284	49	1	2023-12-02
1285	18	3	2024-09-02
1286	98	1	2024-06-30
1287	83	5	2024-02-21
1288	100	5	2024-06-14
1289	78	5	2022-11-09
1290	53	4	2024-02-13
1291	16	5	2023-01-10
1292	93	3	2023-12-25
1293	57	3	2024-05-20
1294	18	5	2023-01-14
1295	18	2	2023-04-05
1296	54	3	2022-12-01
1297	67	5	2023-11-23
1298	20	1	2024-04-19
1299	48	2	2022-11-21
1300	48	4	2024-04-09
1301	59	1	2024-04-21
1302	91	3	2022-11-21
1303	66	2	2024-06-02
1304	94	2	2022-10-12
1305	26	5	2024-01-01
1306	47	1	2022-12-16
1307	4	5	2023-04-25
1308	1	1	2024-02-15
1309	80	4	2024-03-19
1310	7	1	2023-06-07
1311	54	5	2023-11-24
1312	21	2	2023-07-26
1313	100	5	2023-01-01
1314	39	1	2024-08-17
1315	94	5	2024-02-26
1316	97	2	2024-04-02
1317	89	1	2023-12-30
1318	22	3	2024-04-21
1319	14	1	2023-03-05
1320	30	4	2023-10-22
1321	84	4	2023-06-24
1322	70	2	2023-05-31
1323	25	1	2023-09-06
1324	15	3	2023-07-27
1325	27	4	2023-05-09
1326	13	5	2024-04-30
1327	89	1	2022-11-14
1328	49	4	2024-03-22
1329	56	3	2023-08-10
1330	60	4	2024-03-28
1331	49	4	2024-06-28
1332	17	3	2023-11-19
1333	8	5	2024-01-11
1334	44	2	2022-12-27
1335	37	3	2024-04-28
1336	100	1	2023-01-26
1337	68	5	2023-04-04
1338	44	1	2023-10-08
1339	26	1	2023-08-03
1340	58	5	2022-11-06
1341	37	4	2024-08-06
1342	3	3	2024-03-09
1343	78	3	2024-03-17
1344	80	4	2023-12-01
1345	80	2	2023-02-04
1346	6	5	2023-05-11
1347	96	4	2022-10-31
1348	25	5	2022-12-30
1349	80	3	2023-04-15
1350	72	5	2022-10-13
1351	1	5	2023-04-12
1352	61	3	2023-03-15
1353	99	4	2024-07-25
1354	51	4	2023-11-14
1355	32	3	2023-10-28
1356	62	3	2024-08-09
1357	22	3	2024-06-07
1358	6	4	2024-03-12
1359	93	2	2023-09-25
1360	6	2	2023-03-22
1361	99	3	2023-03-11
1362	21	2	2024-02-05
1363	74	5	2024-05-12
1364	33	4	2024-08-25
1365	66	4	2023-04-28
1366	98	3	2024-04-19
1367	68	4	2024-04-03
1368	52	2	2023-09-17
1369	97	3	2024-03-09
1370	29	4	2024-05-25
1371	71	4	2024-07-17
1372	16	1	2023-01-09
1373	78	2	2023-08-01
1374	11	2	2024-04-22
1375	55	2	2023-05-30
1376	74	1	2024-02-16
1377	39	2	2023-08-12
1378	66	4	2024-09-13
1379	47	5	2024-01-25
1380	62	4	2023-02-26
1381	5	3	2024-02-09
1382	80	3	2023-04-17
1383	68	5	2024-09-16
1384	93	2	2022-10-23
1385	53	2	2024-06-09
1386	44	4	2023-02-18
1387	29	3	2024-06-02
1388	93	5	2024-09-02
1389	43	4	2022-12-16
1390	53	2	2023-09-09
1391	37	5	2022-11-25
1392	61	3	2024-02-06
1393	44	4	2024-04-03
1394	4	1	2023-12-13
1395	13	1	2023-05-21
1396	29	1	2024-05-12
1397	97	3	2022-12-08
1398	52	1	2024-07-13
1399	32	3	2023-01-16
1400	78	5	2023-11-10
1401	21	3	2024-06-24
1402	54	4	2023-03-29
1403	60	5	2023-01-03
1404	56	1	2023-09-29
1405	66	4	2024-05-07
1406	7	5	2022-12-05
1407	39	1	2024-07-15
1408	14	4	2022-12-13
1409	9	1	2023-05-28
1410	44	3	2023-02-24
1411	70	3	2024-03-23
1412	39	3	2023-01-18
1413	59	2	2023-01-24
1414	72	1	2022-11-28
1415	97	5	2022-12-24
1416	99	5	2023-10-16
1417	33	2	2023-10-16
1418	49	5	2023-09-01
1419	98	3	2024-02-13
1420	71	1	2023-05-18
1421	37	1	2024-07-28
1422	75	4	2022-12-09
1423	10	2	2024-08-30
1424	82	1	2024-02-05
1425	90	3	2024-01-04
1426	43	5	2023-06-28
1427	59	3	2024-06-28
1428	17	4	2023-04-27
1429	75	3	2024-06-28
1430	34	1	2024-05-09
1431	64	3	2024-03-07
1432	13	4	2023-05-06
1433	9	2	2024-07-08
1434	99	4	2024-05-06
1435	21	3	2023-12-08
1436	59	1	2024-08-07
1437	48	5	2023-04-05
1438	91	1	2022-12-17
1439	74	5	2024-03-16
1440	11	5	2024-07-16
1441	100	1	2024-03-14
1442	20	4	2024-07-09
1443	58	1	2024-08-03
1444	7	1	2022-11-19
1445	68	2	2023-01-06
1446	48	4	2023-10-05
1447	95	1	2024-02-19
1448	51	1	2024-09-02
1449	70	1	2022-12-17
1450	63	2	2023-03-04
1451	68	5	2023-05-07
1452	32	5	2023-07-27
1453	9	1	2023-02-23
1454	29	1	2023-03-01
1455	61	2	2023-06-20
1456	83	1	2023-08-20
1457	36	4	2024-05-29
1458	9	2	2024-04-11
1459	86	3	2023-10-30
1460	39	2	2023-08-07
1461	16	1	2023-04-05
1462	53	1	2024-07-15
1463	60	4	2022-11-23
1464	80	3	2023-07-20
1465	6	3	2023-02-17
1466	84	3	2022-10-27
1467	37	3	2024-07-27
1468	57	5	2024-06-13
1469	72	3	2024-05-11
1470	14	5	2023-11-08
1471	77	2	2023-10-21
1472	27	5	2023-09-09
1473	45	3	2023-12-30
1474	80	2	2024-07-02
1475	80	2	2024-09-18
1476	30	1	2024-06-11
1477	63	4	2023-09-24
1478	72	2	2023-09-10
1479	85	2	2023-03-16
1480	72	1	2022-12-28
1481	34	5	2023-05-24
1482	15	1	2023-07-18
1483	3	2	2024-03-25
1484	2	5	2024-01-07
1485	60	5	2023-04-19
1486	95	4	2022-11-21
1487	62	1	2023-03-09
1488	100	3	2022-12-05
1489	51	3	2024-01-31
1490	70	1	2022-10-16
1491	3	3	2023-05-14
1492	2	5	2023-12-20
1493	85	4	2023-05-27
1494	26	3	2024-05-16
1495	73	1	2024-07-29
1496	46	1	2024-03-18
1497	40	2	2023-06-21
1498	23	5	2023-01-20
1499	29	1	2024-05-18
1500	42	2	2022-11-08
\.


--
-- Data for Name: commande_produit; Type: TABLE DATA; Schema: public; Owner: postgres
--

COPY public.commande_produit (commande_id, produit_id, quantite) FROM stdin;
1	2	2
1	5	5
1	16	7
1	14	3
1	19	6
2	4	6
3	1	3
3	16	10
3	3	5
4	7	2
4	13	2
5	1	1
5	8	10
5	7	4
5	3	1
6	20	6
6	18	2
6	3	1
6	15	9
6	16	5
7	14	3
7	6	5
7	20	10
8	16	4
8	10	10
8	7	9
8	19	4
8	6	9
9	18	8
9	2	9
10	16	4
10	8	2
11	7	3
11	9	7
11	2	6
11	19	5
11	1	4
12	7	8
12	17	5
12	10	6
12	8	4
13	8	7
13	2	5
13	4	8
13	18	2
14	20	5
14	14	3
15	20	5
16	12	6
16	1	5
16	14	6
17	16	3
17	15	7
17	12	3
17	7	9
18	10	7
19	13	8
19	14	5
19	1	4
20	14	3
21	3	1
21	14	1
21	19	10
22	11	9
23	19	1
23	5	6
23	14	2
23	1	8
24	15	5
24	11	5
24	4	8
25	20	7
26	6	4
26	5	6
26	20	4
27	6	2
27	1	1
27	12	8
28	12	5
28	8	1
28	4	6
29	19	1
29	9	9
29	7	6
30	16	6
31	9	8
31	5	9
31	6	3
32	2	9
33	15	4
33	14	4
34	11	7
34	15	5
34	5	2
34	19	6
35	13	2
35	8	9
35	7	9
35	15	6
35	3	2
36	5	6
37	5	4
37	2	4
37	8	5
38	8	9
38	15	8
38	10	6
39	12	6
39	2	8
39	11	2
39	9	7
40	12	6
40	3	3
41	16	3
41	20	7
41	19	10
42	8	1
43	4	2
43	17	10
43	16	2
44	3	4
44	13	8
44	9	7
44	12	9
45	4	8
45	12	4
45	9	6
45	18	1
46	12	4
46	20	2
46	17	10
46	15	1
47	13	5
48	20	3
49	7	1
49	13	9
49	1	8
50	10	4
50	12	8
51	5	2
51	7	8
52	1	6
53	8	2
54	13	4
54	8	4
54	17	4
54	10	10
55	18	6
55	1	6
55	15	3
56	20	5
56	6	3
56	4	10
56	18	3
57	8	2
58	14	8
58	17	5
59	12	5
59	16	9
59	8	6
59	10	6
60	12	4
61	16	8
61	18	6
61	20	7
62	11	3
62	14	6
62	2	7
62	15	7
62	13	8
63	6	3
63	9	10
63	18	6
64	6	5
64	5	5
64	12	6
64	18	3
64	9	2
65	18	7
65	14	3
66	2	4
67	15	2
67	11	4
67	2	5
68	18	6
68	10	6
69	19	1
69	8	10
69	7	1
69	11	6
70	4	9
70	7	8
70	20	2
71	12	7
71	4	1
71	20	2
71	13	9
71	11	8
72	4	9
72	1	3
73	7	2
73	4	7
74	4	4
74	13	5
75	14	8
76	2	3
76	4	1
76	11	2
76	20	7
76	16	10
77	12	1
77	15	7
77	5	6
77	4	9
78	11	2
78	17	6
78	3	3
78	9	3
78	18	2
79	8	9
80	18	4
80	20	10
80	19	8
81	10	1
81	4	2
82	15	10
82	10	5
82	5	10
83	6	7
83	13	7
83	17	5
83	2	5
84	15	7
84	20	3
84	4	9
85	9	1
85	6	6
85	15	9
85	11	3
85	17	9
86	12	2
87	9	4
88	17	2
88	13	9
88	7	1
88	14	7
88	6	10
89	20	4
89	7	8
89	9	6
90	10	9
91	15	4
91	3	8
91	18	9
91	12	8
92	20	7
92	16	9
92	14	7
93	9	4
93	6	10
93	19	8
93	2	5
94	15	8
94	4	6
94	1	10
94	6	3
95	10	5
96	7	2
96	17	3
96	11	8
97	9	6
97	19	5
97	20	4
97	17	2
97	14	8
98	12	8
98	1	5
98	19	1
99	8	5
99	6	5
99	14	10
100	14	4
100	2	3
100	1	3
100	10	9
101	6	2
101	5	1
101	10	1
101	19	5
102	11	8
102	14	3
103	5	10
103	10	7
104	1	5
104	14	9
104	17	4
105	10	4
105	5	3
105	6	9
106	3	2
106	11	5
107	14	6
108	19	10
108	14	9
108	18	9
109	12	8
110	20	2
110	5	3
111	11	7
111	7	10
112	6	5
112	12	2
112	15	6
112	5	1
113	12	7
113	19	1
114	18	3
114	20	2
115	3	3
115	20	5
115	18	2
115	10	10
116	7	8
116	9	9
116	6	4
116	16	9
116	2	10
117	3	4
118	13	8
118	10	5
119	19	4
119	14	3
119	12	3
119	1	2
120	6	1
121	14	7
122	8	5
122	16	1
123	14	4
123	20	7
124	5	1
124	3	10
124	12	2
124	2	7
125	7	1
126	6	10
126	11	6
127	2	3
127	10	9
128	13	6
128	12	6
128	10	10
128	18	4
128	4	4
129	2	4
129	7	1
129	8	5
129	14	9
130	9	7
130	10	5
130	18	6
130	6	9
131	18	5
131	7	5
131	4	7
132	19	8
132	14	1
132	1	10
133	15	9
134	13	6
134	15	1
134	3	8
134	20	4
135	15	10
135	14	5
135	16	10
135	3	5
136	13	7
136	12	3
136	18	1
137	12	1
137	9	10
137	19	1
138	8	4
138	7	5
138	20	3
139	14	6
139	20	10
139	18	7
139	15	10
139	4	10
140	10	2
141	19	5
141	5	2
141	16	2
141	4	6
142	9	2
142	20	9
142	15	2
143	10	10
143	18	9
143	20	6
144	4	3
144	5	9
145	10	9
145	2	2
145	16	4
146	15	3
147	7	1
147	11	2
148	5	9
148	10	6
149	3	10
150	10	5
150	20	7
151	17	8
151	3	5
151	15	4
152	20	9
152	1	10
152	19	2
152	16	3
153	14	7
153	17	5
153	10	9
153	12	7
154	17	8
154	3	10
154	4	6
154	9	10
155	16	9
155	2	2
156	20	3
156	19	10
157	18	9
157	7	4
157	6	5
158	6	6
158	12	7
158	2	9
158	17	7
159	3	5
159	5	9
159	14	1
160	7	8
161	14	1
162	16	2
162	4	5
163	7	9
164	12	7
164	20	3
164	9	5
164	2	5
164	11	5
165	6	1
165	20	7
166	6	2
167	18	7
167	12	6
168	14	5
168	15	4
169	4	4
169	7	9
169	17	5
169	8	4
170	19	2
170	4	2
170	7	6
170	13	7
171	5	3
171	15	9
172	16	2
172	15	5
172	5	8
172	17	6
173	9	8
174	20	3
175	4	8
175	6	2
176	15	4
176	14	5
176	1	5
176	2	9
176	16	8
177	2	6
177	17	2
178	3	9
178	7	8
179	19	6
179	3	2
180	4	2
180	16	8
180	10	6
180	18	7
181	3	2
181	19	8
181	18	2
181	14	4
182	14	1
182	10	10
182	20	8
182	12	3
183	13	6
183	6	6
183	15	10
183	14	4
183	4	3
184	15	3
184	9	10
184	13	6
184	17	1
185	2	4
185	11	9
185	18	3
186	14	8
186	17	10
186	2	8
187	5	6
187	2	7
187	14	7
188	14	1
188	13	3
188	17	10
188	9	8
188	2	10
189	20	7
189	5	8
189	13	9
190	16	5
190	3	9
190	14	1
190	4	1
190	6	10
191	16	5
191	7	2
191	18	9
192	13	9
192	7	5
192	18	7
193	17	10
193	20	1
194	10	3
194	19	7
194	5	1
194	13	1
194	14	6
195	15	9
195	5	3
196	9	10
196	16	8
196	3	7
197	11	3
198	3	4
198	13	9
198	7	9
198	6	2
199	15	3
200	20	3
200	7	7
201	16	1
202	9	10
202	5	3
202	18	9
202	17	7
202	20	4
203	8	9
204	18	6
204	13	7
205	17	6
205	3	2
205	11	10
206	14	10
207	17	5
207	4	4
207	3	9
208	10	2
208	6	6
209	20	10
209	8	6
210	5	7
211	3	10
211	18	10
211	2	4
212	15	9
212	11	8
212	19	2
212	18	9
213	10	8
213	14	9
213	7	3
214	1	8
215	1	10
215	6	3
215	19	10
216	12	3
216	14	2
217	19	3
217	14	4
217	20	1
217	10	10
218	1	3
218	3	7
218	16	2
218	6	9
219	11	1
219	14	9
219	15	8
219	16	1
220	16	2
220	17	9
221	4	7
221	13	8
221	5	5
221	20	4
222	12	2
222	9	10
222	5	3
222	2	8
223	12	5
223	5	2
224	2	8
225	12	8
226	4	7
226	3	8
226	16	3
227	7	3
228	5	8
228	18	2
228	3	7
228	4	1
228	1	2
229	6	8
229	8	9
230	16	8
230	8	10
230	13	7
231	10	3
231	4	10
231	16	9
232	1	10
232	8	6
232	17	1
232	13	9
233	7	7
233	11	6
234	1	6
234	20	10
235	14	8
236	12	6
237	11	4
238	15	6
238	8	7
239	2	2
239	5	1
239	10	4
239	1	6
239	14	10
240	14	6
240	19	3
241	18	9
241	10	8
241	12	4
241	5	9
242	18	2
242	6	4
242	3	4
243	1	3
243	6	3
243	8	7
243	5	10
244	2	10
244	19	2
244	6	1
244	12	7
245	13	2
245	3	6
245	9	7
245	20	2
246	13	4
246	18	10
246	12	3
247	11	4
247	4	9
247	3	4
247	16	7
248	3	1
249	1	8
249	2	6
249	9	10
249	19	3
250	18	1
251	6	8
251	8	5
251	16	3
251	2	2
251	18	6
252	10	10
253	3	1
253	17	8
253	9	10
253	12	2
254	16	3
255	8	10
255	10	4
255	20	2
255	6	5
255	1	10
256	6	7
257	20	5
257	7	8
258	16	5
258	19	4
258	12	7
258	10	6
258	11	9
259	19	2
260	18	5
260	5	8
261	2	3
262	15	10
262	10	9
262	13	6
262	16	6
263	17	1
264	18	10
264	6	2
265	18	1
266	13	2
266	9	6
266	18	4
266	15	2
267	19	8
267	5	3
267	7	6
267	16	1
268	3	9
268	2	9
268	4	10
268	1	1
269	7	9
269	16	3
270	3	1
270	6	9
270	13	5
270	1	8
271	2	7
271	6	10
271	9	3
271	13	10
272	18	4
272	11	9
273	14	8
273	11	7
273	16	6
273	15	9
274	2	1
274	5	6
274	1	5
275	15	7
275	17	2
275	6	4
276	14	9
276	6	7
276	8	2
276	13	1
276	19	9
277	1	9
277	16	1
277	8	2
277	14	4
277	13	5
278	9	1
278	19	4
278	14	10
278	4	5
278	10	4
279	19	3
279	5	6
280	4	10
280	10	8
280	11	6
281	5	8
281	9	5
282	17	6
282	9	7
283	6	7
283	13	2
283	17	7
284	9	4
284	16	6
284	15	6
285	18	3
286	17	1
286	12	2
286	2	6
287	18	2
287	16	10
288	7	5
288	4	2
288	14	9
288	19	1
289	19	3
289	8	7
290	6	5
290	14	8
290	7	9
290	2	1
291	6	10
291	11	1
291	5	5
291	20	4
291	8	4
292	9	7
292	3	1
292	6	7
292	18	1
293	3	3
293	7	3
293	8	1
294	3	4
295	20	1
295	4	3
295	3	1
296	7	4
296	4	5
296	8	9
296	16	3
297	5	7
298	13	4
298	16	6
298	2	1
298	4	2
298	18	10
299	1	2
299	10	1
299	5	10
299	12	6
300	4	6
300	8	10
300	19	2
300	6	8
301	3	9
301	10	4
301	13	6
302	8	2
302	13	1
303	3	9
303	7	3
303	2	4
304	1	3
304	14	7
304	6	9
304	5	5
304	17	9
305	10	5
305	17	8
305	19	7
305	14	3
306	11	3
306	20	5
306	9	5
306	7	3
306	14	4
307	4	7
307	13	2
308	14	3
308	7	10
309	1	8
309	2	10
309	14	7
309	20	8
310	5	2
310	9	2
311	4	2
311	7	1
312	4	3
312	5	9
313	17	10
313	9	5
313	8	7
313	12	3
314	6	9
314	5	7
315	7	3
315	9	9
315	1	9
315	11	8
316	20	9
317	1	3
317	19	2
317	18	7
317	17	8
318	14	1
318	17	5
318	20	9
318	9	2
319	9	2
320	10	6
320	17	6
321	3	4
321	1	1
321	12	5
321	19	2
322	7	1
322	15	6
322	16	3
323	6	7
324	7	7
324	14	6
324	19	1
324	11	7
325	15	2
325	12	7
325	5	3
326	15	4
326	13	9
327	3	5
328	7	2
328	19	7
328	13	4
328	10	6
329	5	3
329	17	5
329	19	1
330	18	8
330	7	3
331	9	9
331	14	7
332	4	3
332	8	4
333	12	4
333	10	6
334	5	10
334	13	3
334	3	8
335	14	8
335	17	7
335	9	3
336	15	8
336	10	8
336	20	4
336	12	3
336	7	10
337	19	8
337	4	9
338	14	5
339	5	5
339	1	6
339	10	5
340	11	9
340	19	8
340	5	9
341	5	6
341	1	3
341	2	10
341	4	7
342	17	1
342	15	1
343	3	3
344	6	4
344	19	9
344	15	5
345	19	1
345	6	4
346	3	8
347	13	1
347	11	5
347	6	1
347	4	6
347	7	9
348	19	8
348	20	5
348	6	5
348	12	3
349	11	10
349	8	2
349	12	2
349	14	10
350	7	9
350	9	8
350	6	9
351	7	3
351	15	6
351	6	6
352	10	10
353	5	10
354	13	1
354	20	2
354	18	5
354	10	10
355	3	4
355	9	9
355	4	8
355	15	1
356	14	9
356	15	7
356	20	1
356	16	2
356	2	10
357	9	2
357	1	10
357	7	6
357	16	8
357	20	5
358	16	3
358	15	10
359	17	3
360	8	2
360	10	7
360	17	10
360	11	8
361	12	4
362	20	7
363	8	3
363	2	1
363	3	1
364	20	8
364	8	3
364	16	6
364	18	8
364	17	8
365	7	1
365	3	7
365	11	7
366	15	4
366	20	3
366	8	8
367	9	5
367	5	6
367	19	6
367	11	7
368	2	6
369	7	4
369	20	8
369	5	7
370	2	2
370	8	2
371	15	10
371	5	4
371	20	9
371	16	10
372	15	7
372	14	7
373	10	2
374	11	3
374	19	5
374	16	2
374	13	8
375	10	8
375	6	7
375	20	6
375	5	8
376	16	8
376	17	2
377	2	1
377	3	5
377	10	1
377	5	1
377	16	5
378	7	6
378	17	4
379	12	1
379	5	4
379	13	3
379	3	2
379	20	9
380	2	6
380	3	7
380	5	9
381	5	7
381	3	6
381	14	3
381	16	3
382	9	8
382	18	2
382	8	7
382	19	7
383	12	6
383	9	6
383	20	7
383	7	3
384	10	10
384	14	3
385	20	3
385	1	3
385	5	5
385	10	3
385	13	1
386	20	3
386	17	10
386	12	4
386	6	9
386	15	4
387	15	6
387	1	6
387	6	7
387	9	7
388	15	3
389	6	3
389	18	4
390	8	8
390	18	8
390	14	1
390	12	1
390	1	4
391	16	8
391	12	10
392	18	8
392	8	4
392	10	3
392	6	3
393	12	6
393	9	8
393	8	4
393	10	10
394	8	2
394	10	7
394	3	9
394	5	9
395	2	6
395	1	7
395	9	1
395	5	3
396	9	4
397	18	1
397	10	6
397	17	10
397	14	6
397	3	2
398	2	1
399	13	10
399	18	1
399	8	4
399	2	2
400	6	9
400	19	5
400	20	6
400	18	3
400	4	2
401	11	9
401	13	8
402	14	6
403	8	1
404	6	10
404	8	10
404	2	7
404	15	10
404	19	4
405	15	3
405	18	4
405	5	5
405	6	2
406	5	10
406	8	8
406	3	5
406	20	1
407	11	1
408	2	10
408	8	1
408	19	8
409	18	8
409	2	4
409	13	3
409	5	3
410	4	1
411	7	10
411	8	3
412	14	7
412	7	1
412	4	6
412	1	1
413	16	1
413	20	7
413	13	3
413	14	4
413	12	1
414	4	7
414	6	7
414	17	6
414	19	2
414	20	10
415	20	7
415	1	7
416	13	2
416	3	1
416	12	3
417	2	7
417	5	9
417	12	7
417	11	3
418	19	5
418	17	4
419	10	1
419	20	9
419	16	1
419	3	4
420	18	10
420	10	9
421	17	7
421	14	6
422	17	3
423	13	4
423	7	6
423	6	8
424	9	8
425	7	2
425	12	10
426	5	5
426	7	4
426	9	5
427	7	2
427	20	8
427	18	4
427	1	7
428	4	6
429	4	5
429	19	4
429	13	1
430	20	1
431	13	4
431	20	3
431	14	8
431	7	9
432	14	6
432	2	9
433	8	4
433	7	2
433	3	7
433	13	1
434	9	3
434	19	6
434	6	8
434	7	1
435	7	5
435	19	5
436	6	6
436	8	10
437	19	5
437	9	4
437	17	5
438	4	7
439	2	10
439	8	9
440	3	2
440	9	1
441	5	7
441	10	1
441	17	7
441	4	2
442	7	1
442	14	2
443	7	2
444	1	6
444	19	9
445	9	3
445	3	10
446	4	3
446	9	8
446	14	9
446	7	10
447	10	5
447	19	2
447	8	7
448	1	10
448	4	1
448	8	5
448	17	1
448	10	2
449	15	2
449	18	2
449	7	4
450	13	6
450	15	2
451	5	4
451	3	9
451	14	3
451	6	1
451	9	9
452	15	4
452	4	7
452	16	10
452	10	3
452	20	3
453	20	10
454	14	2
454	2	5
454	11	8
454	12	2
455	10	2
455	2	3
455	8	3
455	12	10
456	4	8
456	15	6
456	19	7
456	9	3
457	18	2
457	1	4
457	4	1
457	3	7
457	10	1
458	8	3
458	9	9
458	6	9
459	15	5
459	3	9
459	14	7
459	6	6
460	12	8
461	11	7
462	1	1
462	18	1
462	5	1
462	13	6
462	12	5
463	4	7
463	16	6
464	9	5
464	14	4
464	2	4
465	9	4
465	1	6
465	6	7
466	8	8
467	16	4
467	17	2
467	10	7
468	6	5
468	11	2
469	4	2
470	20	10
470	2	2
470	7	2
470	9	8
471	18	2
471	9	5
472	5	1
473	9	1
473	2	3
473	15	5
473	6	7
474	19	7
474	9	9
474	16	8
475	18	8
475	13	2
475	10	9
475	14	2
476	14	5
476	12	3
476	2	6
477	7	4
478	10	8
478	6	8
479	5	6
479	18	6
479	16	2
479	14	6
479	19	9
480	1	6
480	3	3
480	6	10
480	12	10
480	13	4
481	9	5
481	14	8
482	10	1
482	3	8
482	8	2
482	19	9
483	20	10
483	6	2
484	4	2
484	5	2
484	7	5
484	19	2
485	2	2
485	1	6
485	20	1
486	12	8
486	4	2
487	3	2
488	18	2
488	2	9
488	10	6
488	20	6
489	6	2
490	17	2
490	5	1
491	5	2
491	4	8
491	14	8
492	15	2
492	14	10
492	4	4
492	1	8
492	10	5
493	8	5
493	5	1
493	14	8
494	12	1
494	4	3
494	7	4
494	3	3
495	5	9
495	17	6
495	4	3
495	11	9
495	20	9
496	12	7
496	14	2
497	2	6
497	15	8
497	3	6
497	6	7
498	14	5
498	2	7
499	3	3
500	4	5
501	12	3
502	20	7
502	8	4
502	16	5
502	6	9
503	15	5
504	2	1
504	13	5
504	10	2
504	11	10
505	6	4
505	3	5
505	14	9
506	13	3
506	15	2
506	19	6
506	1	3
506	17	6
507	3	5
507	18	2
507	8	7
507	14	5
508	17	4
508	9	2
508	5	10
509	3	4
509	20	8
509	2	2
510	15	6
510	11	10
510	19	1
510	13	9
510	1	4
511	15	7
511	6	8
511	7	6
511	16	3
512	13	9
512	12	3
513	15	4
513	16	1
513	20	2
513	12	2
514	2	4
515	20	8
515	8	1
515	15	10
516	15	9
516	7	4
517	20	6
517	7	1
517	8	10
518	11	2
518	2	5
518	18	2
519	20	8
519	18	4
519	19	2
520	10	5
520	5	4
520	4	5
521	2	8
522	16	4
522	10	8
522	5	10
522	15	10
522	18	2
523	16	9
523	10	1
524	5	3
524	16	1
524	12	5
524	7	9
525	17	7
525	4	6
525	16	7
526	15	2
527	19	5
528	18	1
528	12	3
529	8	1
529	11	1
529	20	1
529	18	2
530	19	6
530	10	1
530	1	8
530	18	6
530	14	7
531	8	4
531	4	6
531	2	6
531	10	2
531	11	1
532	18	4
532	15	2
532	11	2
532	2	3
533	15	8
533	7	7
533	8	4
534	12	4
534	11	9
534	17	2
535	4	3
535	15	2
535	18	6
535	17	5
536	5	10
536	18	2
536	14	6
536	16	2
536	19	9
537	10	4
537	7	4
537	18	7
537	8	6
538	4	3
538	16	5
539	2	5
540	16	5
540	11	9
541	2	3
542	2	8
543	13	4
543	10	2
543	5	7
543	14	1
544	6	5
545	15	2
545	7	10
545	4	6
546	13	3
546	7	3
546	8	5
546	5	10
546	15	5
547	11	6
548	19	7
549	20	1
549	6	4
550	17	3
550	1	2
550	2	8
550	3	8
551	12	3
551	10	6
551	13	3
552	13	10
552	16	7
553	15	5
553	12	4
553	3	1
553	8	1
553	19	1
554	10	3
554	2	7
554	13	10
554	15	1
555	16	10
555	13	4
555	9	8
556	13	6
557	6	1
557	4	1
558	5	9
559	4	9
559	8	7
560	1	5
560	17	4
560	9	3
560	5	5
561	9	2
562	9	8
562	3	5
562	13	7
562	20	2
563	5	1
563	16	10
564	19	4
564	8	5
565	8	4
565	15	4
565	18	2
566	5	9
566	1	10
567	8	1
567	20	1
567	18	1
568	12	3
568	1	3
569	16	10
569	5	3
570	19	3
570	17	1
570	4	10
570	18	2
570	7	3
571	14	1
571	3	9
571	11	3
571	7	4
572	1	2
573	18	1
573	5	3
573	19	10
573	1	8
574	3	3
574	8	9
574	2	7
574	5	9
575	6	7
575	20	5
575	14	1
576	6	2
576	2	1
576	18	3
577	10	10
577	15	4
577	5	2
578	15	2
578	6	5
578	10	7
578	12	3
579	11	3
579	5	5
579	20	10
579	4	8
580	8	2
581	14	3
582	18	1
582	8	5
582	4	5
582	15	9
583	3	1
583	11	10
583	16	5
584	1	2
584	18	1
584	10	8
584	9	2
584	14	1
585	9	10
585	18	8
585	16	6
585	10	2
586	9	7
586	20	6
586	2	9
587	2	8
588	19	6
588	16	7
589	6	3
589	3	7
589	11	6
589	16	1
589	4	6
590	13	9
590	18	10
590	20	6
590	5	9
591	2	1
591	15	1
592	4	7
592	10	4
593	15	5
593	14	10
593	5	9
594	10	10
594	18	4
594	6	4
594	3	4
594	8	7
595	19	1
595	1	5
596	15	2
596	20	10
596	12	1
597	9	5
597	8	7
598	6	9
598	3	1
598	20	1
599	17	6
599	5	9
599	1	4
599	4	5
600	13	2
600	11	4
600	10	7
600	3	3
601	9	8
601	18	10
602	17	8
602	18	2
602	8	10
603	11	9
603	17	3
603	4	3
604	16	3
604	2	10
604	11	4
604	15	1
605	12	6
605	9	2
606	7	9
606	9	5
607	6	3
607	1	7
607	15	6
608	8	3
608	4	8
609	13	8
609	6	10
609	9	5
609	14	4
610	4	9
610	15	2
610	3	3
611	20	9
611	10	2
612	19	9
612	3	1
613	7	3
613	20	1
613	4	10
613	3	2
614	10	7
615	11	9
616	10	10
616	3	3
616	12	2
617	11	2
617	6	4
618	1	8
618	2	2
619	12	10
619	11	4
619	7	7
619	16	1
619	6	7
620	16	1
620	17	8
620	12	4
621	10	4
621	20	7
621	16	1
622	8	1
622	1	10
623	9	6
623	11	3
623	6	2
623	18	9
624	17	5
624	18	2
624	2	10
624	8	6
625	5	6
625	18	10
625	8	6
626	11	2
627	18	6
627	14	2
627	5	4
628	9	5
628	3	10
628	16	7
629	7	6
629	19	3
629	11	10
630	18	1
630	11	1
630	13	5
630	2	4
630	20	9
631	13	6
631	15	5
631	16	9
631	7	9
632	18	6
632	17	5
632	15	2
632	12	9
632	2	1
633	6	1
634	11	7
634	17	5
634	12	10
635	6	7
635	15	1
635	8	4
635	2	10
636	13	9
636	2	7
636	17	3
636	5	3
637	8	5
638	9	7
639	2	4
639	7	4
639	1	7
639	9	8
640	6	7
640	15	8
640	7	4
641	9	9
641	6	3
641	15	8
641	1	6
641	12	10
642	7	4
642	17	10
643	7	5
644	9	1
645	15	10
645	11	1
646	3	3
647	16	6
647	20	10
647	19	1
647	4	3
647	12	8
648	4	2
648	19	8
648	1	2
648	18	8
649	8	8
649	11	9
649	16	8
650	1	7
650	18	9
650	3	3
650	12	6
651	11	4
651	16	5
652	20	1
652	17	5
652	16	1
652	9	6
653	17	5
654	9	6
654	14	2
654	13	8
654	5	6
654	12	5
655	3	9
655	12	9
656	15	8
657	20	7
657	9	8
657	3	9
657	18	8
658	2	3
658	7	1
659	14	9
659	11	6
659	19	10
659	17	5
660	20	8
660	12	6
661	4	10
662	12	10
662	16	8
662	8	3
663	9	3
663	2	5
663	16	3
664	15	4
664	2	4
664	3	9
665	11	10
665	5	8
665	9	10
665	7	7
666	2	10
666	20	4
667	4	3
668	17	1
668	12	10
668	7	3
668	10	10
669	13	7
670	14	7
670	8	10
670	4	2
670	17	9
671	14	4
672	17	1
672	14	4
673	13	8
674	18	5
675	8	1
675	13	1
675	9	8
675	6	9
676	9	1
676	20	6
676	13	6
676	2	7
676	4	9
677	18	10
678	12	2
678	14	6
678	13	1
678	8	10
678	2	5
679	2	6
679	13	2
680	6	7
681	8	4
681	5	10
681	10	4
682	2	10
682	18	9
683	18	4
683	2	3
683	1	3
683	5	4
684	10	4
685	20	7
685	15	5
685	17	10
686	5	1
686	12	8
686	13	4
686	18	5
687	18	3
688	1	4
688	15	6
689	5	8
690	13	1
690	14	9
690	9	6
690	3	1
690	4	5
691	5	3
691	12	6
691	17	10
691	18	2
692	3	1
692	6	4
692	18	8
693	13	10
693	7	5
693	4	4
693	17	4
694	8	2
695	18	10
695	14	6
696	13	9
696	1	1
696	8	10
696	20	5
696	3	3
697	15	5
697	17	9
697	2	7
697	14	10
698	13	3
699	5	4
699	20	10
700	17	7
700	12	9
700	15	7
701	18	1
701	8	9
701	9	1
701	5	5
701	4	9
702	4	5
702	12	10
702	5	6
702	9	5
703	5	2
703	12	9
703	4	1
704	1	7
704	9	4
704	17	10
704	7	2
705	7	8
705	17	1
705	16	1
706	8	3
706	13	1
707	18	1
708	17	1
708	20	8
709	6	2
710	7	6
710	17	4
710	3	6
710	1	8
711	12	5
711	18	9
711	3	10
711	19	6
712	6	5
712	17	5
712	7	5
712	3	4
712	10	4
713	3	5
713	4	6
713	19	7
713	10	1
713	5	10
714	3	7
714	13	8
715	1	4
716	15	8
716	8	4
716	10	7
716	7	6
716	4	5
717	19	2
717	17	1
717	4	1
717	18	3
718	2	9
718	15	6
718	20	1
719	20	4
720	19	9
720	2	3
720	17	4
721	12	5
721	13	5
722	18	5
722	16	8
722	4	8
722	14	3
722	15	5
723	14	2
724	15	9
725	3	8
726	1	10
726	17	5
726	2	9
727	10	7
727	1	8
727	18	3
727	17	1
727	6	5
728	8	2
728	17	4
728	9	10
728	4	8
729	4	4
729	6	10
730	16	10
731	11	6
731	9	6
731	12	1
732	16	9
732	18	6
732	14	7
733	17	8
734	13	6
734	11	7
734	9	8
734	16	1
734	4	2
735	6	4
736	2	1
736	4	9
737	15	2
737	10	5
737	3	5
738	9	8
738	7	2
738	20	2
738	10	3
738	18	6
739	10	1
740	3	5
740	19	10
740	6	7
741	18	6
742	18	9
742	14	8
742	19	9
743	14	1
743	1	5
743	9	2
743	17	3
743	8	9
744	2	7
745	14	3
746	9	6
746	7	10
746	19	7
746	4	4
747	6	3
747	10	9
747	3	3
748	19	10
748	3	2
749	9	8
749	6	4
749	12	9
750	8	5
750	12	5
750	18	9
751	9	9
751	6	10
751	11	2
751	2	10
752	9	9
752	19	8
753	12	3
753	19	3
754	2	1
754	13	1
754	1	10
755	13	8
755	6	2
755	8	6
755	2	2
755	17	9
756	15	9
757	17	3
757	11	8
758	13	3
758	8	9
758	2	4
759	6	1
759	16	4
759	10	5
760	4	9
760	10	4
761	6	3
761	20	9
761	17	5
761	3	4
762	19	5
762	11	1
762	8	3
762	12	10
763	11	2
763	8	3
763	15	5
763	9	8
764	12	10
764	5	6
764	9	3
764	10	5
765	11	1
765	10	8
765	7	6
765	15	3
765	8	4
766	9	1
766	12	4
766	2	9
766	8	2
766	6	6
767	8	7
768	4	6
768	7	9
768	3	8
768	13	6
769	19	5
769	16	10
769	13	8
769	10	10
770	13	5
770	2	2
771	3	7
771	15	5
771	8	1
771	12	8
772	18	10
772	11	1
772	1	8
772	12	7
772	6	9
773	17	3
773	5	8
774	7	4
774	1	3
775	4	4
775	10	5
775	17	5
775	16	1
776	9	1
776	2	2
776	13	9
776	17	4
776	7	4
777	4	7
777	2	1
777	19	2
778	17	7
778	11	10
778	20	5
779	17	4
779	4	1
779	2	7
780	8	10
780	4	8
780	1	5
781	13	1
781	5	4
781	19	9
782	12	8
782	9	10
782	6	10
783	18	6
783	10	4
783	6	1
783	7	6
784	18	4
784	6	5
784	12	9
784	15	5
785	15	3
786	6	8
786	17	5
786	15	1
786	10	3
787	1	7
787	8	4
787	6	5
788	3	7
788	4	9
788	15	10
788	18	8
789	2	9
789	5	9
790	5	2
790	16	9
790	20	7
790	10	2
791	9	8
791	10	3
791	11	5
791	2	9
792	16	7
793	11	2
794	3	9
794	17	5
794	15	7
794	7	2
795	6	8
795	5	1
796	20	4
796	13	3
797	2	1
798	9	4
798	19	7
799	6	6
799	4	5
799	7	6
800	9	8
800	19	1
800	10	2
801	1	7
801	3	10
802	9	8
802	12	4
802	20	5
802	14	7
803	18	4
803	13	10
803	12	10
803	7	8
804	6	8
804	10	9
804	8	8
805	16	7
805	12	10
805	17	5
805	6	6
806	19	10
806	20	2
806	15	8
806	6	5
807	16	7
807	5	7
807	9	7
808	3	7
809	8	8
809	7	2
809	3	10
809	18	5
810	9	9
810	7	3
810	5	7
810	15	6
811	15	6
811	4	8
812	13	9
812	15	7
812	11	2
812	5	7
813	9	2
814	16	6
814	19	5
814	17	5
815	18	9
815	9	8
815	6	5
815	12	1
816	13	8
816	7	5
816	9	6
816	2	2
817	12	3
817	10	3
818	19	10
818	13	1
818	12	8
818	2	1
819	13	3
819	12	2
819	14	2
819	3	7
820	2	6
820	8	3
820	3	8
821	13	9
821	6	10
821	1	4
821	5	1
822	2	10
822	13	9
823	14	1
823	2	4
823	4	2
824	12	10
824	6	6
825	2	8
825	20	7
826	7	2
827	9	2
827	6	1
827	15	4
827	20	6
828	6	9
829	1	5
829	16	7
830	1	10
830	5	10
830	13	8
830	3	10
831	18	1
831	10	6
832	13	5
832	3	10
833	2	6
833	1	6
833	4	9
834	11	2
835	16	10
835	18	1
835	10	8
835	13	2
836	1	5
836	4	3
837	2	3
838	15	10
838	6	2
839	6	10
839	12	7
839	20	2
840	10	4
840	16	1
840	19	3
841	6	3
841	7	8
842	4	3
842	8	7
842	20	4
843	13	2
843	4	3
844	7	7
844	16	10
844	17	4
845	6	8
845	17	7
845	12	4
845	8	9
845	5	6
846	17	4
846	5	4
846	15	4
847	10	9
847	19	2
847	3	9
848	8	2
849	5	3
849	17	4
850	2	1
850	11	9
851	17	4
851	10	7
852	16	7
852	9	5
853	17	10
853	8	3
854	5	8
855	16	8
856	11	2
857	16	3
857	20	5
857	12	1
858	15	8
859	13	2
860	4	10
860	9	10
860	19	1
861	18	3
861	15	4
861	19	10
861	13	1
861	12	7
862	5	7
862	15	6
863	5	3
863	1	2
863	10	8
864	4	2
864	17	6
864	1	3
864	12	3
864	19	4
865	13	7
865	2	10
865	12	5
865	14	1
866	4	3
867	7	3
868	7	9
868	4	4
869	1	1
870	9	9
871	15	7
872	17	2
873	14	7
873	2	8
873	10	6
874	15	7
874	16	10
874	9	7
874	3	5
874	5	10
875	20	4
875	3	4
876	10	2
876	18	7
876	5	1
876	17	3
877	13	2
877	4	1
877	18	4
877	16	6
878	6	10
878	15	2
878	11	6
879	2	9
880	4	4
880	5	1
880	8	9
880	9	3
881	2	7
881	13	9
881	10	8
882	6	7
883	5	8
883	13	9
883	2	8
884	2	9
884	9	5
884	20	2
884	3	2
884	7	7
885	12	10
886	8	8
887	13	2
887	9	7
887	1	1
887	4	2
888	12	3
888	2	3
888	20	8
889	10	7
889	9	5
889	7	1
890	1	5
890	18	7
891	1	5
892	9	9
892	8	4
892	20	7
893	10	3
893	9	6
893	17	6
894	13	3
894	12	7
894	16	2
894	18	1
895	2	3
895	18	3
896	10	8
897	2	9
897	7	2
897	19	6
897	1	4
897	12	10
898	8	9
898	10	2
898	17	8
899	19	8
899	15	4
899	17	4
900	5	7
900	15	4
901	3	1
901	10	2
902	20	3
902	16	2
902	12	7
902	7	9
903	17	10
903	7	3
904	18	5
904	3	4
904	9	5
905	13	1
906	19	5
906	1	9
906	20	6
906	12	5
907	8	6
907	18	7
908	1	5
908	2	4
908	4	7
909	7	4
909	17	10
909	11	3
909	18	4
910	6	7
910	19	7
910	1	7
910	14	1
911	7	5
911	5	4
912	4	10
912	12	2
912	17	8
912	9	2
912	6	4
913	3	1
914	10	8
915	9	7
915	10	2
915	11	2
915	20	5
916	15	5
916	11	4
916	8	4
917	12	10
917	5	3
918	18	5
919	7	9
919	14	3
919	18	3
920	13	3
920	11	5
920	7	4
920	4	7
921	2	9
921	11	8
921	18	10
921	12	9
921	16	4
922	3	1
922	20	5
922	16	5
922	6	8
923	11	4
923	13	7
923	12	9
923	2	9
923	17	9
924	19	1
924	14	4
925	17	1
925	15	9
925	16	5
926	12	2
926	20	8
926	9	1
927	20	10
927	9	9
927	15	1
927	2	3
927	11	8
928	8	2
929	20	5
930	14	1
930	10	6
930	5	7
931	3	3
932	19	7
932	3	8
933	15	7
933	11	10
933	17	1
934	19	10
934	7	2
934	2	2
934	14	1
935	8	5
935	1	2
935	12	6
936	20	4
936	8	10
936	1	9
936	19	7
937	16	1
938	10	2
938	12	1
939	1	1
939	2	8
940	16	1
940	17	2
941	3	6
941	12	4
941	4	9
942	5	9
942	20	3
942	15	3
942	2	6
942	17	8
943	6	7
943	8	6
943	10	10
943	14	7
943	11	2
944	16	7
944	20	1
944	19	3
945	18	7
945	3	5
945	12	1
946	6	5
946	4	9
946	16	8
946	10	2
946	13	5
947	2	7
948	2	5
948	6	10
948	4	8
948	1	9
949	20	4
949	3	7
950	13	6
950	2	5
950	6	5
951	17	5
951	6	5
951	16	9
951	8	4
952	4	8
953	17	10
953	20	4
953	18	5
953	11	6
954	6	9
954	1	2
955	19	6
955	20	8
955	8	5
956	8	6
957	4	8
957	15	9
957	19	8
957	3	1
958	6	8
959	16	7
959	18	1
960	7	5
961	19	10
961	11	8
961	13	9
961	5	3
962	10	9
962	7	3
962	20	1
963	7	5
963	12	8
963	2	9
963	19	5
964	16	9
964	4	7
964	1	6
964	2	1
965	18	4
966	17	3
966	12	8
966	14	2
966	13	10
967	7	4
967	11	3
967	10	4
967	15	3
968	6	7
969	2	7
969	3	1
969	15	5
970	19	10
970	8	9
970	4	4
970	6	10
971	15	6
971	14	4
971	13	5
971	10	4
972	20	10
972	13	8
973	19	7
973	18	8
974	16	2
974	13	4
974	18	9
974	7	7
975	6	5
975	10	4
975	16	9
976	5	8
976	4	3
976	7	3
976	17	10
977	20	7
977	18	8
977	19	3
977	9	7
978	9	3
978	12	10
978	1	9
978	11	1
978	8	2
979	5	5
979	12	2
980	5	8
980	20	7
980	4	5
980	19	10
981	19	2
981	7	10
981	3	8
982	14	9
983	9	5
983	19	5
983	5	5
984	17	7
984	3	3
984	2	9
985	6	6
985	18	5
985	8	7
985	13	5
985	11	8
986	3	2
986	13	1
986	11	6
987	20	2
987	3	5
988	16	7
989	6	5
989	3	1
989	9	2
989	18	6
989	19	6
990	7	2
991	16	8
991	11	7
991	17	1
991	2	10
992	2	6
993	8	6
993	18	10
993	15	1
993	12	3
993	6	6
994	1	4
994	10	5
994	14	3
994	16	7
994	11	5
995	17	3
996	4	10
997	1	1
997	18	7
998	9	3
998	6	2
998	14	9
999	3	3
999	11	5
1000	19	5
1000	1	2
1001	6	8
1002	10	5
1003	7	10
1003	2	3
1003	1	6
1003	17	2
1004	14	1
1005	3	1
1005	12	9
1005	20	7
1005	9	8
1006	8	10
1006	1	6
1006	7	1
1007	6	4
1008	19	8
1008	9	6
1008	5	6
1009	13	5
1009	5	3
1010	4	8
1010	7	7
1011	10	9
1011	11	4
1011	16	6
1012	6	9
1012	12	2
1012	2	8
1012	10	8
1012	20	9
1013	8	4
1013	9	2
1014	3	1
1014	8	1
1015	14	3
1015	5	8
1016	4	2
1016	19	5
1017	19	8
1017	1	4
1017	15	7
1017	10	4
1017	9	10
1018	12	6
1019	9	2
1019	18	1
1019	12	5
1019	15	3
1019	5	5
1020	5	5
1020	4	9
1020	3	8
1020	8	1
1021	20	6
1022	2	9
1022	4	3
1023	12	8
1023	6	4
1023	20	10
1023	3	8
1024	15	8
1025	19	1
1025	9	8
1025	10	5
1026	8	10
1026	10	3
1026	15	9
1027	5	9
1027	17	8
1027	20	8
1027	6	7
1028	12	6
1028	16	9
1028	6	3
1028	5	3
1029	13	10
1029	15	8
1029	7	10
1029	8	8
1029	3	2
1030	18	8
1030	13	8
1030	20	2
1030	12	6
1031	1	10
1031	9	4
1031	4	5
1032	4	1
1032	8	1
1033	3	6
1034	20	7
1034	9	6
1034	4	5
1035	11	2
1036	15	7
1036	3	8
1036	13	3
1037	6	8
1037	8	10
1038	10	7
1039	14	9
1039	15	9
1039	5	1
1039	1	10
1040	7	1
1041	11	6
1042	13	8
1043	8	10
1043	13	4
1043	19	3
1044	4	6
1044	11	7
1044	12	6
1045	12	2
1045	11	4
1045	17	4
1046	10	9
1046	9	9
1046	2	8
1046	5	10
1047	18	10
1047	3	10
1048	3	4
1048	19	7
1048	13	7
1048	5	1
1049	17	9
1049	1	2
1050	17	5
1050	2	7
1050	9	1
1051	19	1
1051	7	10
1051	11	1
1051	13	4
1051	15	6
1052	6	8
1052	18	7
1052	2	2
1052	10	6
1052	15	7
1053	18	7
1053	12	8
1053	19	3
1054	8	7
1054	13	6
1054	4	9
1054	19	7
1055	9	4
1055	8	7
1055	11	8
1056	16	9
1056	1	9
1057	12	5
1057	17	1
1057	8	10
1057	11	9
1058	4	6
1058	14	8
1058	7	2
1059	4	4
1059	15	8
1060	1	5
1061	9	3
1061	18	10
1061	16	3
1061	3	6
1062	19	10
1063	4	8
1063	13	4
1063	12	1
1063	10	9
1063	3	7
1064	4	9
1064	17	9
1064	10	2
1065	3	8
1066	3	9
1066	18	6
1067	7	1
1067	1	3
1067	12	3
1068	19	3
1068	3	9
1069	20	9
1069	16	9
1069	13	9
1070	5	3
1070	8	1
1070	4	3
1070	12	6
1070	14	2
1071	3	7
1071	11	5
1071	17	3
1071	14	8
1072	17	4
1072	12	7
1073	2	3
1073	17	6
1073	15	4
1073	18	3
1074	9	4
1074	8	1
1075	7	10
1075	1	1
1076	4	8
1076	18	3
1077	5	3
1077	6	10
1078	1	6
1079	4	10
1079	6	6
1080	11	4
1080	17	2
1080	2	5
1080	10	4
1081	19	8
1082	17	1
1082	8	3
1082	13	4
1082	4	9
1083	3	6
1083	14	8
1084	18	2
1084	5	9
1084	14	4
1084	8	5
1085	1	10
1085	7	1
1085	6	2
1085	10	6
1085	14	7
1086	3	9
1086	8	9
1086	5	4
1086	1	9
1086	15	5
1087	12	1
1087	3	5
1088	15	10
1089	12	2
1089	19	3
1089	1	7
1089	16	8
1090	4	5
1090	7	6
1091	12	9
1091	20	4
1091	14	9
1092	18	1
1092	13	8
1093	14	9
1093	11	3
1094	18	1
1094	16	6
1094	14	3
1094	4	7
1095	4	10
1096	16	9
1096	8	9
1096	9	7
1096	11	6
1097	16	3
1097	15	9
1097	5	7
1097	3	7
1097	9	10
1098	14	6
1098	15	6
1099	9	8
1099	1	7
1099	19	4
1100	2	2
1100	15	5
1100	17	4
1100	10	2
1101	8	8
1101	3	3
1101	11	6
1101	12	10
1102	8	1
1102	5	10
1102	12	6
1103	13	6
1103	3	9
1103	8	9
1104	18	8
1104	10	9
1104	13	2
1104	19	3
1105	3	6
1105	1	7
1106	8	6
1106	17	8
1107	19	2
1107	13	5
1107	16	4
1108	11	7
1108	8	6
1108	18	6
1108	19	4
1109	19	3
1109	1	9
1110	16	1
1110	6	6
1110	8	6
1110	3	9
1111	5	6
1111	20	3
1111	4	6
1111	2	5
1112	7	8
1112	19	10
1112	10	9
1113	2	6
1113	12	10
1113	20	7
1113	14	1
1114	2	7
1114	10	5
1114	18	9
1115	11	9
1115	17	10
1115	6	3
1116	7	3
1116	17	9
1116	11	8
1116	3	7
1116	20	4
1117	7	10
1118	9	5
1118	2	2
1118	12	8
1118	5	1
1118	18	1
1119	3	7
1120	4	8
1120	20	1
1120	7	10
1121	8	6
1121	5	1
1121	10	5
1122	1	7
1122	5	1
1122	3	7
1123	17	8
1124	5	3
1124	10	8
1124	14	2
1125	6	6
1125	1	3
1125	20	10
1126	9	4
1126	10	8
1126	1	9
1126	19	9
1127	11	8
1127	20	6
1127	9	3
1128	5	6
1129	7	10
1129	1	4
1129	11	5
1130	10	6
1130	2	1
1130	15	1
1131	15	8
1132	5	5
1132	19	8
1133	5	6
1133	11	3
1134	15	4
1134	7	10
1134	1	7
1134	3	4
1134	18	9
1135	11	3
1136	15	2
1136	4	7
1136	20	8
1136	7	4
1136	17	5
1137	7	7
1138	10	1
1138	16	8
1138	18	5
1138	9	5
1139	11	4
1139	19	4
1139	5	10
1139	7	5
1139	8	3
1140	17	4
1140	6	2
1140	15	6
1141	6	7
1142	16	9
1142	8	4
1143	6	4
1143	8	9
1144	6	9
1144	1	7
1144	18	1
1145	2	10
1145	8	8
1145	17	3
1146	6	8
1146	1	10
1146	8	1
1147	7	7
1147	16	9
1147	13	10
1148	15	1
1148	6	8
1148	18	9
1149	17	3
1149	4	2
1150	8	2
1150	13	5
1150	14	10
1150	18	6
1151	1	2
1152	15	5
1152	11	8
1152	9	6
1152	6	1
1152	17	10
1153	3	8
1154	7	2
1154	17	6
1154	10	2
1155	5	10
1155	2	4
1155	10	1
1156	12	10
1156	6	4
1156	5	10
1156	14	2
1157	17	5
1158	12	10
1158	17	1
1158	1	8
1159	7	5
1159	3	4
1159	12	10
1159	19	6
1160	20	6
1161	12	3
1161	15	3
1161	11	5
1161	18	5
1161	3	8
1162	8	1
1162	16	8
1162	2	7
1163	7	4
1164	14	5
1164	16	3
1164	2	5
1164	18	4
1164	8	8
1165	8	3
1166	12	3
1167	7	9
1167	10	6
1167	12	4
1167	14	6
1168	14	8
1168	2	4
1169	19	10
1169	18	2
1169	3	1
1169	1	7
1169	11	2
1170	20	2
1171	1	10
1172	11	4
1172	10	8
1172	3	9
1173	12	4
1173	9	9
1173	6	9
1174	1	9
1174	13	5
1175	18	3
1175	11	9
1175	5	2
1176	7	9
1176	13	4
1176	5	9
1176	14	6
1176	9	2
1177	8	8
1177	6	3
1178	18	6
1178	16	7
1178	9	10
1178	12	5
1179	11	4
1179	15	10
1180	17	2
1180	11	4
1181	18	7
1181	4	3
1181	20	4
1182	20	8
1182	6	5
1183	3	3
1183	6	7
1184	12	2
1184	8	2
1184	4	10
1184	10	4
1185	9	6
1185	4	10
1185	6	5
1186	11	2
1186	8	4
1187	13	7
1187	12	10
1187	5	10
1187	19	8
1188	17	6
1188	9	7
1188	12	8
1188	8	1
1188	19	10
1189	15	9
1189	11	8
1190	3	2
1191	4	9
1191	1	2
1191	16	6
1192	10	8
1192	7	7
1192	2	1
1193	4	2
1193	13	8
1193	1	4
1193	8	10
1194	20	1
1194	16	9
1194	11	5
1194	1	9
1195	4	8
1195	2	5
1196	4	3
1196	1	9
1196	15	6
1197	17	3
1198	1	1
1198	3	1
1198	14	8
1199	13	7
1199	20	9
1200	5	9
1201	10	1
1201	9	1
1201	13	9
1201	16	5
1202	17	7
1202	8	5
1202	15	2
1202	12	7
1203	19	1
1204	17	2
1204	8	10
1204	6	6
1204	7	5
1205	13	9
1206	7	5
1206	6	3
1206	8	8
1206	20	9
1207	20	5
1207	7	6
1207	5	7
1207	1	10
1208	16	8
1208	17	10
1208	20	2
1208	1	4
1209	14	3
1210	15	6
1210	1	6
1211	14	3
1211	2	8
1212	7	1
1212	18	9
1213	10	4
1214	12	5
1214	6	8
1214	1	4
1214	18	5
1214	10	7
1215	10	3
1216	12	9
1216	16	2
1216	17	6
1216	20	6
1217	1	10
1217	15	5
1217	17	3
1218	6	3
1218	18	3
1218	3	10
1218	7	4
1218	15	1
1219	3	4
1220	3	4
1221	18	9
1221	10	2
1222	15	2
1222	6	6
1222	12	6
1222	1	5
1222	5	8
1223	10	5
1223	14	6
1223	6	2
1223	4	7
1223	20	3
1224	20	2
1225	14	4
1225	19	9
1226	7	6
1226	20	8
1227	15	4
1228	14	2
1228	17	4
1229	10	2
1229	11	5
1229	16	2
1229	7	5
1230	17	6
1230	6	9
1230	19	7
1231	15	3
1231	10	9
1231	7	3
1231	2	3
1231	19	10
1232	4	4
1233	11	3
1233	12	5
1233	5	4
1233	20	7
1234	16	1
1234	14	6
1234	15	6
1234	7	5
1234	3	3
1235	2	5
1235	13	5
1235	8	8
1236	14	4
1236	18	8
1237	3	1
1237	5	3
1237	13	8
1238	5	10
1238	10	10
1238	17	10
1238	1	8
1239	9	6
1240	12	6
1240	13	5
1240	9	5
1240	3	6
1241	18	4
1241	9	6
1241	12	3
1242	18	3
1242	19	8
1242	4	5
1242	17	10
1243	14	2
1243	13	7
1244	12	4
1244	16	6
1244	11	6
1245	15	6
1245	14	7
1245	2	5
1245	7	8
1246	7	1
1246	10	6
1246	11	5
1246	20	7
1247	17	8
1248	5	5
1248	2	7
1248	17	9
1248	13	9
1249	15	9
1250	16	5
1250	18	6
1250	8	10
1250	12	3
1251	4	4
1251	14	5
1251	11	10
1252	14	9
1252	17	9
1252	6	1
1252	2	10
1253	19	4
1253	20	7
1253	5	3
1253	2	6
1254	13	1
1254	6	9
1254	20	9
1254	17	5
1255	13	10
1255	18	10
1255	4	6
1255	1	5
1256	14	9
1257	5	9
1257	13	4
1257	14	7
1257	11	2
1258	8	6
1258	1	9
1258	20	6
1259	11	1
1259	3	8
1259	14	9
1260	16	9
1260	11	9
1260	2	5
1260	6	6
1261	10	3
1261	20	6
1261	14	2
1262	3	4
1262	11	6
1263	19	2
1264	4	10
1264	3	7
1264	2	8
1265	12	9
1265	20	10
1265	15	3
1265	4	6
1266	15	5
1267	5	6
1267	4	5
1268	9	4
1269	4	9
1269	20	8
1270	1	7
1271	4	9
1271	14	7
1272	13	7
1272	19	10
1272	1	2
1272	3	4
1273	15	5
1273	13	7
1273	19	9
1274	2	6
1274	14	2
1274	15	8
1274	5	8
1274	20	3
1275	9	2
1275	1	7
1275	18	5
1275	10	8
1276	11	9
1276	20	10
1277	12	7
1277	15	1
1278	15	9
1278	17	4
1279	13	6
1279	15	2
1280	12	1
1280	5	7
1281	4	10
1281	18	9
1281	11	2
1282	17	5
1283	2	2
1283	13	1
1283	17	8
1283	8	4
1283	6	2
1284	17	9
1285	14	5
1285	10	7
1286	17	9
1286	14	9
1286	1	9
1286	4	2
1287	14	6
1287	4	7
1287	9	8
1288	17	10
1288	7	1
1288	20	5
1288	2	6
1288	11	2
1289	7	9
1289	15	5
1289	13	2
1290	6	8
1290	20	3
1291	16	1
1291	7	8
1291	8	7
1291	15	10
1291	13	4
1292	15	6
1292	19	1
1292	14	3
1293	8	6
1293	4	10
1293	17	9
1293	10	1
1294	10	7
1294	4	1
1295	3	9
1295	16	1
1295	19	9
1295	4	7
1296	2	2
1296	11	9
1297	15	5
1297	14	10
1297	3	7
1297	17	10
1297	19	5
1298	16	10
1298	1	6
1298	19	8
1298	15	5
1298	5	3
1299	1	2
1299	7	2
1299	2	6
1299	5	4
1300	7	6
1301	12	4
1301	8	10
1301	7	5
1301	2	4
1302	13	10
1302	6	7
1303	15	6
1303	4	7
1303	3	5
1304	3	1
1304	2	4
1305	6	10
1305	14	6
1305	5	9
1306	12	1
1306	7	10
1306	16	10
1306	13	10
1307	5	1
1308	8	1
1308	9	9
1308	11	4
1308	1	3
1308	13	7
1309	16	10
1310	12	10
1310	8	7
1310	17	1
1310	10	1
1311	1	7
1311	5	3
1311	18	5
1311	7	2
1312	6	6
1312	4	2
1313	13	6
1313	11	1
1313	2	4
1313	14	9
1313	6	2
1314	5	3
1315	5	7
1316	2	7
1316	20	1
1317	13	7
1317	8	5
1317	1	1
1317	20	9
1318	20	1
1318	14	1
1318	12	7
1319	6	1
1319	19	9
1319	9	2
1319	7	2
1320	7	7
1320	3	5
1320	16	1
1320	11	3
1321	3	4
1322	3	3
1322	5	4
1323	18	10
1323	3	5
1323	9	4
1324	1	3
1324	4	8
1324	11	8
1324	3	7
1324	20	6
1325	13	6
1325	18	8
1325	17	1
1325	4	2
1325	9	4
1326	17	5
1326	20	9
1326	1	4
1327	13	1
1327	3	2
1327	6	8
1328	4	2
1328	15	7
1328	9	10
1329	2	9
1329	6	6
1329	15	1
1329	13	9
1329	3	3
1330	6	1
1331	9	6
1332	13	4
1332	16	6
1332	11	7
1333	6	2
1333	18	10
1333	16	8
1333	17	7
1334	12	3
1334	7	9
1335	19	6
1335	20	2
1336	11	3
1336	1	6
1336	19	8
1337	16	8
1338	19	1
1338	18	1
1338	10	9
1338	13	10
1338	20	5
1339	2	8
1340	5	1
1340	7	9
1340	14	6
1341	10	3
1342	16	10
1342	2	1
1343	13	2
1343	10	9
1343	18	8
1343	1	9
1344	20	3
1344	5	8
1345	18	1
1346	20	8
1346	3	3
1347	10	9
1347	18	1
1348	6	6
1349	7	10
1350	8	5
1351	15	3
1351	6	2
1351	18	5
1351	10	10
1352	6	2
1352	1	10
1353	14	3
1353	8	6
1353	6	5
1354	5	3
1354	12	10
1354	18	1
1354	19	3
1354	15	6
1355	11	4
1355	6	8
1355	12	3
1356	19	1
1356	6	3
1356	18	10
1357	11	8
1358	5	10
1358	6	6
1358	18	4
1358	19	9
1358	10	10
1359	1	3
1359	7	10
1359	2	2
1359	12	5
1359	15	4
1360	15	1
1361	5	1
1361	4	8
1361	8	1
1361	19	5
1361	15	7
1362	6	5
1363	12	7
1363	6	2
1363	5	8
1364	7	4
1364	19	8
1365	7	3
1365	4	8
1365	1	4
1366	18	6
1366	13	4
1366	19	2
1366	12	5
1367	16	8
1368	9	9
1368	6	3
1368	4	8
1368	13	3
1368	10	4
1369	1	9
1369	12	1
1369	14	7
1369	4	7
1370	8	1
1370	17	7
1370	6	4
1371	5	6
1371	11	8
1371	18	1
1371	19	10
1372	3	1
1373	9	6
1373	16	9
1374	7	3
1374	9	5
1374	6	9
1374	16	7
1374	15	4
1375	10	9
1375	17	10
1376	13	9
1376	5	1
1376	14	4
1377	3	3
1377	17	6
1377	16	1
1377	14	2
1378	19	3
1378	4	5
1378	13	1
1378	1	6
1378	18	1
1379	15	6
1379	13	8
1379	14	9
1380	12	10
1380	6	6
1380	14	1
1381	7	10
1381	13	4
1382	17	10
1382	4	6
1383	20	10
1384	5	4
1384	16	1
1385	8	9
1385	14	10
1385	4	6
1385	2	9
1385	10	6
1386	15	4
1386	2	9
1386	18	8
1386	14	3
1387	18	9
1388	18	6
1388	1	7
1389	20	7
1389	7	10
1390	8	10
1390	18	2
1390	4	4
1390	11	6
1391	5	4
1391	20	3
1392	5	1
1392	11	9
1393	3	9
1393	14	6
1394	9	1
1395	5	3
1395	2	10
1395	11	3
1395	8	5
1396	6	8
1396	3	1
1396	16	6
1396	13	3
1397	2	6
1397	13	4
1397	10	8
1398	13	2
1398	4	9
1398	7	3
1398	11	3
1399	13	3
1399	15	8
1399	4	9
1400	15	10
1400	2	1
1401	17	10
1401	8	5
1401	10	2
1402	19	6
1402	8	4
1403	13	8
1404	2	5
1404	8	1
1404	19	2
1405	15	7
1405	11	2
1406	7	10
1406	11	6
1406	8	4
1406	14	3
1407	17	1
1407	16	6
1407	14	1
1407	5	5
1408	6	3
1409	3	4
1409	12	7
1409	18	7
1409	4	8
1410	16	7
1410	11	5
1410	3	8
1411	13	1
1411	18	7
1411	14	8
1412	17	6
1412	4	10
1412	15	9
1413	11	2
1413	14	6
1413	17	6
1413	3	9
1413	13	3
1414	11	9
1414	8	5
1414	5	7
1415	8	5
1415	17	10
1416	7	10
1416	13	2
1417	6	3
1417	4	9
1418	2	7
1418	17	10
1419	3	8
1419	14	10
1420	8	9
1420	1	7
1421	9	2
1421	5	9
1422	10	9
1422	11	6
1423	15	9
1423	7	2
1423	16	9
1423	6	7
1424	1	1
1425	5	6
1425	18	9
1425	4	10
1425	6	1
1426	12	9
1426	1	4
1426	14	3
1426	18	10
1426	17	9
1427	14	10
1428	10	1
1428	14	9
1429	5	1
1429	10	1
1429	17	4
1429	12	4
1429	18	4
1430	18	2
1430	20	8
1431	3	7
1431	17	5
1431	12	8
1431	2	10
1432	8	6
1432	11	2
1432	10	1
1432	1	9
1433	13	1
1433	19	10
1433	12	2
1434	3	2
1434	17	1
1434	11	7
1434	6	8
1435	14	10
1435	1	1
1435	3	8
1435	7	8
1435	15	3
1436	9	4
1437	17	9
1437	20	1
1437	14	2
1437	4	5
1438	20	3
1438	15	6
1438	13	4
1438	3	5
1438	8	10
1439	19	8
1439	18	2
1440	16	3
1440	3	7
1440	20	8
1440	7	4
1441	5	9
1441	14	9
1441	13	9
1441	17	8
1441	3	10
1442	8	6
1442	12	7
1442	3	2
1443	4	2
1443	13	10
1443	8	2
1443	15	6
1444	14	6
1444	13	4
1444	7	5
1445	16	3
1445	8	4
1446	5	3
1446	6	8
1446	19	8
1447	14	8
1447	10	4
1447	20	1
1448	10	5
1448	1	9
1448	8	4
1448	9	6
1448	11	9
1449	12	4
1449	10	6
1450	2	1
1450	13	10
1451	20	2
1451	18	8
1451	5	4
1451	1	7
1452	6	3
1452	4	1
1452	5	5
1453	16	7
1453	3	1
1453	19	7
1454	18	9
1455	1	6
1455	17	9
1455	2	7
1456	5	9
1456	10	9
1457	16	5
1457	3	6
1457	18	8
1457	15	5
1458	1	2
1458	15	1
1459	4	8
1459	5	8
1459	18	8
1460	7	3
1460	10	3
1460	16	5
1460	18	4
1460	11	2
1461	5	1
1461	12	3
1462	6	7
1462	4	1
1463	14	6
1463	7	7
1463	10	9
1464	17	9
1465	7	6
1466	15	4
1466	2	5
1466	6	8
1466	13	2
1466	20	7
1467	16	3
1467	5	7
1467	11	3
1467	12	8
1468	11	6
1468	1	8
1468	14	2
1468	13	2
1468	7	4
1469	7	3
1470	10	1
1470	9	9
1470	8	4
1470	12	6
1470	16	7
1471	7	8
1471	15	8
1471	11	5
1471	3	8
1472	19	3
1472	16	8
1472	5	9
1472	2	8
1473	10	3
1473	17	9
1473	12	2
1473	2	9
1473	4	2
1474	15	7
1475	6	6
1475	8	1
1475	17	9
1475	12	8
1476	9	2
1476	1	4
1477	8	10
1477	10	6
1478	3	5
1479	20	9
1479	10	3
1479	2	9
1479	19	2
1480	10	2
1480	17	7
1480	18	8
1480	20	4
1481	3	4
1481	2	9
1482	12	5
1483	20	10
1483	2	10
1483	18	9
1483	15	1
1484	18	4
1484	4	3
1484	1	2
1485	10	10
1485	15	6
1486	5	1
1486	3	2
1486	13	2
1487	9	6
1487	10	5
1487	16	1
1487	19	7
1488	14	4
1488	5	6
1488	19	2
1488	4	2
1488	10	7
1489	9	6
1489	8	7
1489	4	2
1490	16	5
1490	5	1
1491	8	4
1491	5	9
1491	16	4
1492	13	4
1492	8	2
1492	19	3
1493	15	5
1493	18	1
1493	20	6
1493	17	6
1494	6	2
1495	5	3
1496	16	4
1496	4	7
1496	1	6
1496	10	3
1496	7	10
1497	11	8
1497	13	9
1498	9	10
1498	7	5
1498	13	9
1498	15	2
1499	4	4
1499	5	9
1500	18	10
\.


--
-- Data for Name: produit; Type: TABLE DATA; Schema: public; Owner: postgres
--

COPY public.produit (id, designation, prix_unitaire) FROM stdin;
1	across	247.57
2	hear	373.30
3	night	247.51
4	collection	192.25
5	loss	164.65
6	experience	200.77
7	determine	327.10
8	operation	463.51
9	return	432.27
10	lead	395.06
11	enough	273.26
12	model	327.71
13	direction	155.30
14	environmental	399.56
15	police	158.95
16	although	33.11
17	field	427.69
18	us	236.26
19	might	118.32
20	me	197.51
\.


--
-- Data for Name: vendeur; Type: TABLE DATA; Schema: public; Owner: postgres
--

COPY public.vendeur (id, prenom, nom, telephone, sexe) FROM stdin;
1	Dana	Pearson	001-489-944-9904x781	F
2	Benjamin	Cohen	872.463.7883x3327	M
3	Julie	Myers	321-436-1088x539	F
4	Haley	Miller	480.920.1382x964	F
5	Eric	Snyder	001-465-453-9366	M
\.


--
-- Name: client_id_seq; Type: SEQUENCE SET; Schema: public; Owner: postgres
--

SELECT pg_catalog.setval('public.client_id_seq', 100, true);


--
-- Name: commande_id_seq; Type: SEQUENCE SET; Schema: public; Owner: postgres
--

SELECT pg_catalog.setval('public.commande_id_seq', 1500, true);


--
-- Name: produit_id_seq; Type: SEQUENCE SET; Schema: public; Owner: postgres
--

SELECT pg_catalog.setval('public.produit_id_seq', 20, true);


--
-- Name: vendeur_id_seq; Type: SEQUENCE SET; Schema: public; Owner: postgres
--

SELECT pg_catalog.setval('public.vendeur_id_seq', 5, true);


--
-- Name: client client_pkey; Type: CONSTRAINT; Schema: public; Owner: postgres
--

ALTER TABLE ONLY public.client
    ADD CONSTRAINT client_pkey PRIMARY KEY (id);


--
-- Name: commande commande_pkey; Type: CONSTRAINT; Schema: public; Owner: postgres
--

ALTER TABLE ONLY public.commande
    ADD CONSTRAINT commande_pkey PRIMARY KEY (id);


--
-- Name: commande_produit commande_produit_pkey; Type: CONSTRAINT; Schema: public; Owner: postgres
--

ALTER TABLE ONLY public.commande_produit
    ADD CONSTRAINT commande_produit_pkey PRIMARY KEY (commande_id, produit_id);


--
-- Name: produit produit_pkey; Type: CONSTRAINT; Schema: public; Owner: postgres
--

ALTER TABLE ONLY public.produit
    ADD CONSTRAINT produit_pkey PRIMARY KEY (id);


--
-- Name: vendeur vendeur_pkey; Type: CONSTRAINT; Schema: public; Owner: postgres
--

ALTER TABLE ONLY public.vendeur
    ADD CONSTRAINT vendeur_pkey PRIMARY KEY (id);


--
-- Name: commande commande_client_id_fkey; Type: FK CONSTRAINT; Schema: public; Owner: postgres
--

ALTER TABLE ONLY public.commande
    ADD CONSTRAINT commande_client_id_fkey FOREIGN KEY (client_id) REFERENCES public.client(id);


--
-- Name: commande_produit commande_produit_commande_id_fkey; Type: FK CONSTRAINT; Schema: public; Owner: postgres
--

ALTER TABLE ONLY public.commande_produit
    ADD CONSTRAINT commande_produit_commande_id_fkey FOREIGN KEY (commande_id) REFERENCES public.commande(id);


--
-- Name: commande_produit commande_produit_produit_id_fkey; Type: FK CONSTRAINT; Schema: public; Owner: postgres
--

ALTER TABLE ONLY public.commande_produit
    ADD CONSTRAINT commande_produit_produit_id_fkey FOREIGN KEY (produit_id) REFERENCES public.produit(id);


--
-- Name: commande commande_vendeur_id_fkey; Type: FK CONSTRAINT; Schema: public; Owner: postgres
--

ALTER TABLE ONLY public.commande
    ADD CONSTRAINT commande_vendeur_id_fkey FOREIGN KEY (vendeur_id) REFERENCES public.vendeur(id);


--
-- PostgreSQL database dump complete
--

